TagId,Tag,Standing
1,Fragrance,1
2,Discovery,1
3,Set,1
4,La,1
5,Habana,1
6,Eau,1
7,de,1
8,Parfum,1
9,Rainbow,1
10,Bar,1
11,Kasbah,1
12,Purple,1
13,Haze,1
14,Travel,1
15,Spray,1
16,Invisible,1
17,Post,1
18,Capri,1
19,L'air,1
20,Barbes,1
21,AFRICAN,1
22,Beauty,1
23,Butter,1
24,Intensive,1
25,Dry,1
26,Skin,1
27,Treatment,1
29,Mini,1
30,Gift,1
31,Collection,1
32,Deluxe,1
33,Tin,1
34,ABBOTT,1
35,Sampler,1
36,Cape,1
37,Perfume,1
38,Crescent,1
39,Beach,1
40,Seqouia,1
41,Sequoia,1
42,Mojave,1
43,Big,1
44,Sky,1
45,Montecito,1
46,Blu,1
47,Mediterraneo,1
48,Toilette,1
49,Mirto,1
50,di,1
51,Panarea,1
52,Arancia,1
53,Colonia,1
54,Magnolia,1
55,Nobile,1
56,Yuzu,1
57,Oud,1
58,Essenza,1
59,Buongiorno,1
60,Diffuser,1
61,Alcohol,1
62,Free,1
63,Deodorant,1
64,Pura,1
65,Candle,1
66,Fico,1
67,Amalfi,1
68,Aperitivo,1
69,Terrazza,1
70,Luce,1
71,Baomint,1
72,Deep,1
73,Conditioning,1
74,Blue,1
75,Tansy,1
76,Reparative,1
77,Mask,1
78,Leave,1
79,Styler,1
80,Moisturizing,1
81,Shampoo,1
82,Clarifying,1
83,Gel,1
84,Melonberry,1
85,Hair,1
86,Milk,1
87,Conditioner,1
88,Protect,1
89,+,1
90,Shine,1
91,Oil,1
92,Blend,1
93,Curl,1
94,Defining,1
95,Cream,1
96,Serum,1
97,Kit,1
98,Rose,1
99,Lip,1
100,Mediterranean,1
101,Honeysuckle,1
102,Amber,1
103,Musk,1
104,Hibiscus,1
105,Palm,1
106,Ikat,1
107,Jasmine,1
108,Lilac,1
109,Path,1
110,Waterlily,1
111,Sun,1
113,Grasse,1
114,Wild,1
115,Geranium,1
116,Tangier,1
117,Vanille,1
118,Mimosa,1
119,Aegea,1
120,Blossom,1
121,Cedar,1
122,Violet,1
123,Clementina,1
124,Pour,1
125,Filles,1
126,GENIUS,1
127,Sleeping,1
128,Collagen,1
129,Moisturizer,1
130,Liquid,1
131,Triple,1
132,Algae,1
133,Eye,1
134,Renewal,1
135,Balm,1
136,SUBLIME,1
137,DEFENSE,1
138,Ultra,1
139,Lightweight,1
140,UV,1
142,Fluid,1
143,SPF,1
144,50,1
145,Ultimate,1
146,Anti,1
147,Aging,1
148,Melting,1
149,Cleanser,1
150,Gentle,1
151,Rejuvenating,1
152,10,1
153,Day,1
154,Results,1
155,Advanced,1
156,Repairing,1
157,Overnight,1
158,Restorative,1
159,Vitamin,1
160,C+,1
161,Regenerative,1
162,C,1
163,Skinclarity,1
164,Brightening,1
165,POWER,1
166,Recharging,1
167,Night,1
168,Pressed,1
169,Niacinamide,1
170,Moisture,1
171,Veil,1
172,Resurfacing,1
173,2%,1
174,BHA,1
175,Toner,1
176,Calming,1
177,Relief,1
178,ALIVE,1
179,Prebiotic,1
180,Balancing,1
181,Dark,1
182,Spot,1
183,Correcting,1
184,Peel,1
185,AA,1
186,Alguronic,1
187,Acid,1
188,Barrier,1
189,Wrinkle,1
190,Fighter,1
191,360°,1
192,Hand,1
193,ELEVATE,1
194,Retinol,1
195,Lift,1
196,Contouring,1
197,Firming,1
198,&,1
199,Lifting,1
200,15,1
201,Neck,1
202,Plump,1
203,Pout,1
204,Duo,1
205,Peptide,1
206,Gold,1
207,Exfoliating,1
208,Glycolic,1
210,0,1
211,5%,1
212,B,1
213,Peptides,1
214,Midnight,1
215,Reboot,1
216,14%,1
217,Tripeptide,1
218,5,1
219,Sleep,1
221,Age,1
222,Defying,1
223,Action,1
224,Melt,1
225,Bakuchiol,1
226,Squalane,1
227,Huckleberry,1
228,8,1
229,Polishing,1
230,Nettle,1
231,Instant,1
232,Line,1
233,Filling,1
234,Caffeine,1
235,Juneberry,1
236,Hydrating,1
237,Cold,1
238,Bounce,1
239,Creamy,1
240,Bubbling,1
241,AHAs,1
242,Bearberry,1
243,Glow,1
244,Willow,1
245,Sweet,1
246,Agave,1
247,Plumping,1
248,Pore,1
249,Perfecting,1
250,Exfoliator,1
251,Borage,1
252,Smoothing,1
253,CAVIAR,1
254,Replenishing,1
255,CC,1
257,Clinical,1
258,Densifying,1
259,Scalp,1
260,Multiplying,1
261,Volume,1
262,Styling,1
263,Mist,1
264,Frizz,1
265,Working,1
266,Hairspray,1
267,Blowout,1
268,Nourishing,1
269,Mousse,1
270,Restructuring,1
271,Bond,1
272,Repair,1
273,Heat,1
274,Protection,1
275,Rapid,1
276,3,1
277,1,1
278,Sealing,1
279,Gelee,1
280,Perfect,1
281,Iron,1
282,Masque,1
283,Infinite,1
284,Color,1
285,Hold,1
286,Dual,1
287,Use,1
288,Priming,1
289,Air,1
290,Protein,1
291,Texture,1
292,Alterna,1
293,Haircare,1
294,Renewing,1
295,Scrub,1
296,Foam,1
297,Jumbo,1
298,Trio,1
299,Canvas,1
300,Meltaway,1
301,Rinse,1
302,Micellar,1
303,MHMC,1
304,New,1
305,Beginnings,1
306,Hemp,1
307,Care,1
308,Peppermint,1
309,Time,1
310,Every,1
311,Everyday,1
312,Cool,1
313,Hydrations,1
314,Enhancing,1
315,Tinted,1
316,Lash,1
317,Amplifying,1
318,Volumizing,1
319,Lengthening,1
320,Mascara,1
321,Talc,1
322,Loose,1
323,Setting,1
324,Powder,1
325,Light,1
326,Catching,1
327,Highlighter,1
328,Concealer,1
329,Flex,1
330,Clear,1
331,Eyebrow,1
332,Shaping,1
333,Desert,1
334,Date,1
335,Blush,1
336,Multistick,1
337,Customizable,1
338,Crew,1
339,Tint,1
340,Soulfood,1
341,Perk,1
342,Dream,1
343,Routine,1
344,Kure,1
345,Intense,1
346,Hydro,1
347,Rush,1
348,Hyaluronic,1
349,Un,1
350,Done,1
351,Matte,1
352,High,1
353,Tide,1
354,Wave,1
355,Crimper,1
356,Damaged,1
357,Good,1
358,Vibes,1
359,Hydration,1
360,Closer,1
361,Split,1
362,end,1
363,Blow,1
364,Dryer,1
365,Brush,1
366,2,1
367,Bust,1
368,Brass,1
369,Blonde,1
370,Normcore,1
371,Sulfate,1
372,Flash,1
373,Gloss,1
374,Plus,1
375,Size,1
376,Body,1
377,Corps,1
378,Wizard,1
379,Detangling,1
380,Primer,1
381,Water,1
382,Sign,1
383,Extended,1
384,Clean,1
385,Velveteen,1
386,Polished,1
387,Perfection,1
388,Thermal,1
389,Straightening,1
390,Top,1
391,Multi,1
392,Task,1
393,Vault,1
394,Treated,1
395,Brooklyn,1
396,Bombshell,1
397,Fadeblock,1
398,Pre,1
399,Seal,1
400,Hour,1
401,Refreshing,1
402,Reset,1
403,Jelly,1
404,Double,1
405,Agent,1
406,3D,1
407,Thickening,1
408,Daily,1
409,Waver,1
410,Illuminati,1
411,Diamond,1
412,Ceramic,1
413,Flat,1
414,Conductor,1
415,Inch,1
416,Precision,1
417,Germanium,1
418,CEO,1
419,Powerhouse,1
420,Brow,1
421,Wiz,1
422,Slim,1
423,Pencil,1
424,DIPBROW,1
425,Waterproof,1
426,Smudge,1
427,Proof,1
428,Pomade,1
429,Shadow,1
430,Singles,1
431,Lipstick,1
432,Modern,1
433,Renaissance,1
434,Palette,1
435,Soft,1
436,Glam,1
437,Eyeshadow,1
438,Contour,1
439,Definer,1
440,Triangle,1
441,Tip,1
442,Dipped,1
443,Strong,1
444,Ombre,1
445,Effect,1
446,Long,1
447,Wearing,1
448,Freeze,1
449,Extreme,1
450,Laminated,1
451,Look,1
452,Sculpting,1
453,Wax,1
454,12,1
455,Pomades,1
456,Gels,1
457,Sugar,1
458,7B,1
459,Powders,1
460,Stick,1
461,Foundation,1
462,Norvina,1
463,False,1
464,Lashes,1
465,Satin,1
466,Velvet,1
467,Pro,1
468,Luminous,1
469,Liner,1
470,Pigment,1
471,Vol,1
472,Face,1
473,Superfine,1
474,Micro,1
475,Stroking,1
476,Detail,1
477,Pen,1
478,Dewy,1
479,II,1
480,#14,1
481,Bronzer,1
482,A23,1
483,–,1
484,Large,1
485,Tapered,1
486,Blending,1
487,4,1
488,Magic,1
489,Touch,1
490,Highlighting,1
491,Highlight,1
492,Classic,1
493,Stencils,1
494,Crème,1
495,Tweezers,1
496,Applicator,1
497,Insta,1
498,Angled,1
499,Cut,1
500,Small,1
501,Nouveau,1
502,#18,1
504,6,1
505,Iced,1
506,Fluffy,1
507,Fuller,1
508,Looking,1
509,#20,1
510,Palettes,1
511,One,1
512,Chroma,1
513,Stix,1
514,Makeup,1
515,Pencils,1
516,Shimmer,1
517,Metals,1
518,Natural,1
519,Primrose,1
520,Sharpener,1
521,Brag,1
522,Jet,1
523,Black,1
524,Go,1
525,Sculpted,1
526,Trouble,1
527,Coming,1
528,Roses,1
529,Scissors,1
530,Crystal,1
531,Studio,1
532,Darkside,1
534,Bottom,1
535,A30,1
536,Domed,1
537,Kabuki,1
538,Eyeliner,1
539,Flip,1
540,Drying,1
541,Tool,1
542,Silk,1
543,Flawless,1
544,Maestro,1
545,Lasting,1
546,Fabric,1
547,Longwear,1
548,Cover,1
549,25,1
550,Acqua,1
551,Gioia,1
552,Way,1
553,Sì,1
554,Passione,1
555,Neo,1
556,Nude,1
557,Giò,1
558,Armani,1
559,Code,1
560,Femme,1
561,Eyes,1
562,Kill,1
563,Ocean,1
564,Si,1
565,Fiori,1
567,Gio,1
568,Profumo,1
569,Aqua,1
570,Profondo,1
571,Mediterranea,1
572,Ecstasy,1
573,Absolu,1
574,EMPORIO,1
576,Stronger,1
577,Floral,1
578,Homme,1
579,Eclat,1
580,Goia,1
581,Instinct,1
582,Shave,1
583,Lotion,1
584,Supreme,1
585,Nudes,1
586,Plush,1
587,Silky,1
588,Quickie,1
589,Bronze,1
590,Mauves,1
591,Stay,1
592,Lit,1
593,Eyeshadows,1
594,Maven,1
595,Prep,1
596,Blurring,1
597,Clémentine,1
598,California,1
599,Pure,1
600,Limited,1
601,Edition,1
602,Cleansing,1
603,TFC8,1
604,Rich,1
605,Soothing,1
606,Revitalizing,1
607,System,1
608,Essence,1
609,Essential,1
610,Wanted,1
611,Skinlongevity,1
612,Life,1
613,Herb,1
614,COMPLEXION,1
615,RESCUE,1
616,Mineral,1
617,30,1
618,BAREPRO,1
619,16,1
620,HR,1
621,Warmth,1
622,Gen,1
623,Blonzer,1
624,Mineralist,1
625,Hydra,1
626,Beautiful,1
627,Finish,1
628,Original,1
629,Strength,1
630,Length,1
631,Infused,1
633,MAXIMIST,1
634,Phyto,1
635,Fiber,1
636,PRIME,1
638,Minimizing,1
639,Faux,1
640,Tan,1
641,Bright,1
642,Colloidal,1
643,Silver,1
644,Masks,1
645,ZenBubble,1
646,Glass,1
647,Step,1
648,Facial,1
649,Retexturizing,1
650,Get,1
651,GloPRO,1
652,Microneedling,1
653,Sculptor,1
654,LipoCare,1
655,Cellulite,1
656,Healthy,1
657,Density&,1
658,Balance,1
659,pH,1
660,Puffing,1
661,Quartz,1
662,Roller,1
663,Sparkling,1
664,Rosé,1
665,Eyelighter,1
666,Concentrate,1
667,Quench,1
668,Quadralipid,1
669,Recovery,1
670,GLOfacial,1
671,Infusion,1
672,LED,1
673,Radiance,1
674,Jojoba,1
675,Apricot,1
676,Olive,1
677,Bi,1
678,Phase,1
679,Cryo,1
680,Icing,1
681,Ended,1
682,Pads,1
683,Wipes,1
684,Antioxidant,1
685,Complex,1
687,MicroTip,1
688,Attachment,1
689,Head,1
690,Therapy,1
691,R45,1
693,E,1
694,Rosehip,1
695,Seed,1
696,Nightly,1
697,Attachments,1
700,Salicylic,1
701,Antimicrobial,1
702,Tips,1
703,Cleaning,1
704,Accessories,1
705,Toe,1
706,AfterGLO,1
707,Reviving,1
708,Want,1
710,BEAUTYBLENDER,1
711,Sponge,1
714,Whip,1
715,Wear,1
716,blendercleanser,1
717,solid,1
718,POCKET,1
719,PUFF,1
720,Sided,1
722,Baking,1
725,Blender,1
726,Defender,1
727,Protective,1
728,Case,1
730,Always,1
731,Radiant,1
732,BESTIES,1
733,Charcoal,1
734,Cleanse,1
735,Starter,1
736,Airbrush,1
737,BEAUTYBLUSHER,1
738,Biopure,1
739,Sustainable,1
740,Green,1
741,GLITTER,1
742,Fit,1
744,Unscented,1
745,Boss,1
746,Cooling,1
747,Crease,1
748,Focus,1
749,Gemstone,1
750,Main,1
751,Squeeze,1
752,True,1
753,Bomb,1
754,Sunscreen,1
755,Broad,1
756,Spectrum,1
757,Hoola,1
758,POREfessional,1
759,They're,1
760,Real,1
761,Gimme,1
762,Brow+,1
763,Precisely,1
764,Curling,1
765,Benetint,1
766,Cheek,1
767,Goof,1
768,Easy,1
769,Shape,1
770,Fill,1
771,BADgal,1
772,BANG,1
773,24,1
774,Setter,1
775,Lamination,1
776,Cookie,1
777,Tickle,1
778,Highlighters,1
779,Great,1
780,Basics,1
781,Dandelion,1
782,Baby,1
783,Pink,1
784,WANDERful,1
785,World,1
786,Boi,1
787,ing,1
788,Industrial,1
789,Full,1
790,Coverage,1
791,Microfilling,1
792,Cakeless,1
793,Smooth,1
794,Sip,1
795,Twinkle,1
796,Retreat,1
797,Clearing,1
798,Clay,1
799,Tight,1
800,’n,1
801,Toned,1
802,Refining,1
803,AHA+PHA,1
804,Super,1
805,Unblocked,1
806,Removing,1
807,Speedy,1
808,Cleanup,1
809,Foaming,1
810,BROWVO,1
811,POWmade,1
812,Xtreme,1
813,Magnet,1
814,Fluff,1
815,Flexible,1
816,Texturizing,1
817,Purpose,1
818,Grooming,1
819,Tweezer,1
820,Letters,1
821,Hello,1
822,Happy,1
823,Express,1
824,Lite,1
825,Based,1
826,Multitasking,1
827,Goals,1
828,Goodies,1
829,Value,1
830,Pair,1
832,Package,1
833,Deal,1
839,Scorza,1
840,Sicilia,1
841,10X,1
842,"1""",1
843,Barrel,1
844,25',1
845,NanoIonic,1
846,MX,1
847,Eternity,1
848,Wand,1
849,Ultralight,1
850,Speed,1
851,Universal,1
852,Diva,1
853,Style,1
854,GrapheneMX,1
855,Boar,1
856,"25""",1
857,Oval,1
858,Pass,1
859,Professional,1
860,OnePass,1
861,Omega,1
862,Marine,1
863,10%,1
864,Lactic,1
865,Probiotic,1
866,Zinc,1
867,Sheer,1
868,PA,1
869,+++,1
870,Amino,1
871,Aloe,1
872,Copper,1
873,100%,1
874,Sugarcane,1
875,Toning,1
876,Squalane+,1
877,Vegan,1
878,Elderberry,1
879,Enzyme,1
880,Radiantly,1
881,Amplified,1
882,Tubing,1
883,Extension,1
884,UltraVolume,1
885,Enriched,1
886,Base,1
887,Corrector,1
888,Weightless,1
889,Crushed,1
890,Luxe,1
891,Brick,1
892,Extra,1
893,Fine,1
894,Perfectly,1
895,Defined,1
896,Smokey,1
897,40,1
898,20,1
899,Illuminating,1
900,Mattifier,1
901,Opening,1
902,Check,1
903,Bases,1
904,Fresh,1
905,Must,1
906,Haves,1
907,Skincare,1
908,Lunar,1
909,Year,1
910,203,1
911,Raspberry,1
912,Vanilla,1
913,Blackberry,1
914,103,1
915,Tiare,1
916,Flower,1
917,202,1
918,Watermelon,1
919,Red,1
920,Currant,1
921,002,1
922,Neroli,1
923,White,1
924,001,1
925,Orange,1
926,Petitgrain,1
927,Bergamot,1
928,802,1
929,Peony,1
930,Lotus,1
931,Bamboo,1
932,801,1
933,Sea,1
934,Grapefruit,1
935,501,1
936,Praline,1
937,Licorice,1
938,Patchouli,1
939,Thinning,1
940,Protectant,1
941,HG,1
942,Miracle,1
943,Procapil,1
944,Tonic,1
945,Elixir,1
946,Castor,1
947,Strengthening,1
948,Detox,1
949,Salt,1
950,Flaky,1
951,Volumising,1
952,Fighting,1
953,Flyaway,1
954,Fix,1
955,Finishing,1
956,Heavenly,1
957,Woodphoria,1
958,Slow,1
959,Burn,1
960,LES,1
961,Cameo,1
962,Hinoki,1
963,Fantôme,1
964,Cashmere,1
965,Kush,1
966,Flor,1
968,Virgen,1
969,Marble,1
970,Fruit,1
971,Copal,1
972,Fantome,1
973,Broken,1
974,Rosary,1
975,Polyamberous,1
976,Stack,1
977,Thé,1
978,Incensorial,1
979,Figurare,1
980,Lanai,1
981,Neopeche,1
982,Fleurshadow,1
983,Greens,1
984,Mud,1
985,Detoxifying,1
986,Wash,1
987,Elastic,1
988,Essentials,1
989,Curly,1
990,Textured,1
991,Bread,1
992,Wrist,1
993,Scrunchie,1
994,pack,1
995,Macadamia,1
996,Milky,1
998,Capturing,1
999,Don't,1
1000,Despair,1
1001,Revival,1
1002,Coconut,1
1004,Farewell,1
1005,Rosarco,1
1006,Rice,1
1007,Tea,1
1008,Tree,1
1009,Kind,1
1010,Avocado,1
1011,Kiwi,1
1012,Mega,1
1013,Superfoods,1
1014,Don’t,1
1015,Stimulating,1
1016,Massager,1
1017,Charisma,1
1018,Leave–In,1
1019,Banana,1
1020,Biotin,1
1021,Destined,1
1022,Density,1
1023,Thicker,1
1024,Itchy,1
1025,Apple,1
1026,Matcha,1
1027,Kale,1
1028,Solutions,1
1029,Oily,1
1030,Bloom,1
1031,Ginseng,1
1032,Argan,1
1033,Mango,1
1034,Cherry,1
1035,Control,1
1036,Quinoa,1
1037,Oat,1
1038,Detangler,1
1039,Hydrate,1
1040,Bristle,1
1041,Shea,1
1042,Soothe,1
1043,Detoxify,1
1044,Strengthen,1
1046,Hypoallergenic,1
1047,Silicone,1
1048,Chia,1
1049,Flax,1
1050,Coil,1
1051,Custard,1
1052,Volumize,1
1053,Hairdresser’s,1
1054,Dryspun,1
1055,Hairdresser's,1
1056,Surf,1
1057,Prêt,1
1058,à,1
1059,Sunday,1
1060,Bb,1
1061,Shield,1
1062,Pret,1
1063,Tres,1
1064,French,1
1065,Straight,1
1066,Workout,1
1067,Save,1
1068,Daytime,1
1069,Reactivator,1
1070,Mode,1
1071,Damage,1
1072,Dressing,1
1073,Creme,1
1074,Coco,1
1075,Sumotech,1
1077,72,1
1078,Extract,1
1079,Brilliantine,1
1080,Brownish,1
1081,Seaweed,1
1082,Thick,1
1083,H,1
1085,Potential,1
1086,Preserving,1
1087,Building,1
1088,Accelerator,1
1089,Treat,1
1090,Form,1
1091,Illuminated,1
1092,Humidity,1
1093,Booster,1
1094,Semisumo,1
1095,sumoclay,1
1096,Firm,1
1097,Blondish,1
1098,Hot,1
1099,Sumo,1
1100,Wax+,1
1101,Purifying,1
1102,sumogel,1
1103,Hairderesser's,1
1104,Burberry,1
1105,Rollerball,1
1106,London,1
1107,Mr,1
1108,Men,1
1109,Hero,1
1110,Brit,1
1111,Rhythm,1
1112,Splash,1
1113,Polish,1
1115,Shot,1
1116,Plumper,1
1117,Leila,1
1118,Lou,1
1119,Wake,1
1120,F,1
1121,ck,1
1122,Rosie,1
1123,James,1
1124,Calm,1
1125,Madie,1
1126,Dylan,1
1127,Dulce,1
1128,Lake,1
1129,Angie,1
1130,Shebang,1
1131,Home,1
1132,Away,1
1133,Blown,1
1134,Glazed,1
1135,Come,1
1136,Hell,1
1137,Freedreaming,1
1138,Surfproof,1
1139,Glider,1
1140,Add,1
1141,Rays,1
1142,Translucent,1
1143,Drops,1
1144,Party,1
1145,Mood,1
1146,Boosting,1
1147,Supplement,1
1148,Hi,1
1149,Endless,1
1150,Sunset,1
1151,euphoria,1
1155,Obsessed,1
1157,Canopy,1
1158,Humidifier,1
1159,Aroma,1
1160,Rituals,1
1161,Volcano,1
1162,Girl,1
1163,Légère,1
1164,Bad,1
1165,Boy,1
1166,Le,1
1167,Cobalt,1
1168,Vinoperfect,1
1169,Alternative,1
1170,Vinosource,1
1171,Sorbet,1
1172,Grape,1
1173,Vinopure,1
1174,Nail,1
1175,Vinoclean,1
1176,SOS,1
1177,Premier,1
1178,Cru,1
1179,Circle,1
1180,Resveratrol,1
1181,Vinosculpt,1
1182,Buffing,1
1183,Almond,1
1184,Bio,1
1185,Ceramides,1
1186,Acne,1
1187,Prone,1
1188,Vinofresh,1
1189,Aluminum,1
1190,Solution,1
1191,Lines,1
1192,Wrinkles,1
1193,Isle,1
1194,45,1
1195,Moss,1
1196,Stem,1
1197,Cells,1
1198,Deepwater,1
1199,Cocoa,1
1200,Aceite,1
1201,Moska,1
1202,Guava,1
1204,Papaya,1
1205,Waves,1
1206,Protecting,1
1207,Mascarilla,1
1208,Babassu,1
1209,Açaí,1
1210,Refresher,1
1211,con,1
1212,Vera,1
1213,Pequi,1
1214,Activator,1
1215,Yucca,1
1216,Witch,1
1217,Hazel,1
1218,Cupuaçu,1
1219,Collapsible,1
1220,Rizos,1
1221,Thin,1
1222,Medium,1
1224,MADEMOISELLE,1
1225,CHANCE,1
1227,TENDRE,1
1230,FRAÎCHE,1
1231,BLEU,1
1233,CHANEL,1
1234,N°5,1
1235,GABRIELLE,1
1237,NOIR,1
1238,L’EAU,1
1239,Twist,1
1240,PRIVÉE,1
1241,Nuit,1
1242,VIVE,1
1244,PREMIÈRE,1
1245,Shower,1
1247,ALLURE,1
1249,SPORT,1
1250,PLATINUM,1
1251,ÉGOÏSTE,1
1252,EXTRÊME,1
1253,Refillable,1
1254,Refill,1
1257,Hollywood,1
1258,Filter,1
1259,Cheat,1
1260,Pillow,1
1261,Talk,1
1262,Revolution,1
1263,Luxury,1
1264,Mesmerize,1
1265,Chic,1
1266,Lips,1
1267,K,1
1268,N,1
1269,G,1
1270,Filmstar,1
1271,Happikiss,1
1272,Vanish,1
1273,Kissed,1
1274,Metallic,1
1275,Bath,1
1276,Wands,1
1277,Glide,1
1278,Architect,1
1279,Legendary,1
1280,Brows,1
1281,Push,1
1282,Darling,1
1283,Charlotte’s,1
1284,Lustre,1
1285,Superstar,1
1286,Like,1
1287,Wonderglow,1
1288,Jewel,1
1289,Depuffing,1
1290,Unisex,1
1291,Walk,1
1292,Shame,1
1293,Smudger,1
1294,Triangular,1
1295,Youth,1
1296,Charlotte's,1
1297,Feline,1
1298,Flick,1
1299,Love,1
1300,Fat,1
1301,Goddess,1
1302,Sheet,1
1303,Take,1
1304,Remover,1
1305,Acupressure,1
1306,Technology,1
1307,Ritual,1
1308,Superfusion,1
1309,15ml,1
1310,Bronzing,1
1311,Chloé,1
1312,Nomade,1
1313,Story,1
1314,Signature,1
1315,Chloe,1
1316,L'Eau,1
1317,Tangerine,1
1318,Sensuelle,1
1319,Colour,1
1320,Paste,1
1321,Rassoul,1
1322,Extracts,1
1323,Temporary,1
1324,Cleaner,1
1325,Tropical,1
1326,Lemon,1
1327,Total,1
1328,Expert,1
1329,Energy,1
1330,Décolleté,1
1331,V,1
1332,Masvelt,1
1333,Orchid,1
1334,Active,1
1335,Glowing,1
1336,Make,1
1337,Comfort,1
1338,Santal,1
1339,Depuff,1
1340,Delicious,1
1341,Self,1
1342,Tanning,1
1343,Chamomile,1
1344,Essentiel,1
1345,Dose,1
1346,Reserve,1
1347,Nectar,1
1348,Warm,1
1349,Cotton,1
1350,Rain,1
1351,Lush,1
1352,Fleur,1
1353,Sel,1
1354,Solar,1
1355,Dramatically,1
1356,Different,1
1357,Almost,1
1358,Pop,1
1359,Soap,1
1360,Lotion+,1
1361,Beyond,1
1362,Smart,1
1363,Chubby,1
1364,Surge,1
1365,100H,1
1366,Auto,1
1367,Hydrator,1
1368,Lids,1
1369,Even,1
1370,Better,1
1371,Pep,1
1372,Start,1
1373,Pan,1
1374,Massage,1
1375,Impact,1
1376,Formula,1
1377,7,1
1378,Quickliner,1
1379,Redness,1
1380,Blackhead,1
1381,Superpowder,1
1382,City,1
1383,Block,1
1384,Protector,1
1385,Towelettes,1
1386,Superbalanced,1
1387,Clinique,1
1388,Reflecting,1
1389,Illuminates,1
1390,Perfects,1
1391,Quad,1
1392,Eraser,1
1393,Blended,1
1394,Repairwear,1
1395,Gravity,1
1396,Camouflage,1
1397,iD,1
1398,Custom,1
1399,Combination,1
1401,Supercharged,1
1402,Perfector,1
1403,heating,1
1404,Extractor,1
1405,Best,1
1406,Honey,1
1407,Laser,1
1408,Sheertint,1
1409,96,1
1410,Filler,1
1411,Turnaround,1
1412,Superprimer,1
1413,Doubling,1
1414,Sparkle,1
1415,Superbalm,1
1416,Solvent,1
1417,72H,1
1418,Lipid,1
1419,Radical,1
1420,Interrupter,1
1421,Superdefense,1
1423,Multitasker,1
1424,Single,1
1425,Refresh,1
1426,Naturally,1
1427,Blotting,1
1428,MD,1
1429,Dimensional,1
1430,Transformer,1
1431,Revolumize,1
1432,Heart,1
1433,Twice,1
1434,Uplifting,1
1435,Pores,1
1436,Uneven,1
1437,Aromatics,1
1438,Energizer,1
1439,Fatigue,1
1440,21,1
1441,Soother,1
1442,1st,1
1443,Signs,1
1444,Resculpt,1
1445,Mattifying,1
1446,Maximum,1
1447,Non,1
1448,Streak,1
1449,Zero,1
1450,Intro,1
1451,Type,1
1452,Coat,1
1453,Supernatural,1
1454,Money,1
1455,Raise,1
1456,Root,1
1457,Thicken,1
1458,Xtra,1
1459,Volumizer,1
1460,Lock,1
1461,Glossing,1
1462,Coverup,1
1463,Minute,1
1464,Transformation,1
1465,ical,1
1466,Cult,1
1467,Favorite,1
1468,Cocktail,1
1469,Steroids,1
1470,Safe,1
1471,Security,1
1472,Carb,1
1474,Wow,1
1475,FLO,1
1476,ETRY,1
1477,Vital,1
1478,MOTION,1
1479,Lubricating,1
1480,HOOKED,1
1481,SHOOK,1
1482,Mix,1
1483,Bundling,1
1484,SNAG,1
1486,Expressive,1
1487,Book,1
1488,Exploration,1
1489,Personal,1
1490,Milk+,1
1491,Bold,1
1492,Wool,1
1493,W,1
1494,y,1
1495,Archive,1
1497,Scent,1
1498,Space,1
1501,Gold+,1
1502,Velvet+,1
1503,Moss+,1
1504,Paper,1
1505,Book+,1
1506,Paper+,1
1507,AHA,1
1508,Organic,1
1509,360º,1
1510,Sunless,1
1511,18,1
1512,70,1
1513,Peach,1
1514,COOLA,1
1515,Liplux,1
1516,Dew,1
1517,Towel,1
1518,Hydrated,1
1519,Comb,1
1520,Bouncy,1
1521,Transitioning,1
1522,Rehab,1
1523,Salve,1
1524,Souffle,1
1525,Definition,1
1526,Curls,1
1527,Softly,1
1528,Quenching,1
1529,Conditoning,1
1530,Flexi,1
1531,Microbiome,1
1532,Bonding,1
1533,Tasking,1
1534,Conditoner,1
1535,Fixer,1
1536,Teatment,1
1537,Feather,1
1538,Defrizzion,1
1539,XXL,1
1540,Memory,1
1541,Recativator,1
1542,Core,1
1543,Lengths,1
1544,Supplements,1
1545,Vivid,1
1546,Tones,1
1547,Vibrancy,1
1548,Prickly,1
1549,Pear,1
1550,Cactus,1
1551,Monsoon,1
1552,Detangle,1
1553,Mochi,1
1554,Nomad’s,1
1555,Snow,1
1556,Mushroom,1
1557,Glove,1
1558,Paradisi,1
1559,Bestseller,1
1560,Bento,1
1561,Box,1
1562,Aer,1
1563,Suction,1
1564,Toy,1
1565,Arousal,1
1566,Arc,1
1567,Vibrator,1
1568,Com,1
1569,Eva,1
1570,Couples,1
1571,Pom,1
1572,Zee,1
1573,Bullet,1
1574,Dip,1
1575,Basic,1
1576,Fin,1
1577,Finger,1
1578,Desire,1
1579,Gummies,1
1580,Colorfix,1
1581,Yummy,1
1582,Chrome,1
1583,Flakes,1
1584,Multichrome,1
1585,Twin,1
1586,Flames,1
1587,Vision,1
1588,Flush,1
1589,Lightwork,1
1590,IV,1
1591,Transcendence,1
1592,Pigments,1
1593,Micropencil,1
1594,Flushed,1
1595,Wet,1
1596,Adjustable,1
1597,III,1
1598,Experience,1
1599,Holiday,1
1600,Evolution,1
1601,Hyper,1
1602,Leaf,1
1603,Lab,1
1604,Cuticle,1
1605,Deborah,1
1606,Lippmann,1
1607,Bed,1
1608,Cure,1
1609,Hard,1
1610,Rock,1
1611,Operator,1
1612,Buffer,1
1613,File,1
1614,Stripper,1
1615,Soul,1
1616,Survivor,1
1617,Performance,1
1618,Foot,1
1619,Callus,1
1620,Softener,1
1621,Happier,1
1622,Ever,1
1623,Piece,1
1624,Eco,1
1625,Quick,1
1626,UVA,1
1627,UVB,1
1628,01,1
1629,"""Taunt""",1
1630,Dedtergent,1
1631,Dakota,1
1632,Freshener,1
1633,03,1
1634,"""Blonde""",1
1635,Madonna,1
1636,Lilly,1
1637,02,1
1638,Ellipsis,1
1639,Fi,1
1640,Afloat,1
1641,DERMAPORE,1
1642,Ultrasonic,1
1643,Infuser,1
1644,LUXE+,1
1645,Sonic,1
1646,Dermaplaning,1
1647,Fuzz,1
1648,Removal,1
1650,Device,1
1652,Edges,1
1654,Microfoliant,1
1655,Precleanse,1
1656,Biolumin,1
1657,Special,1
1659,Milkfoliant,1
1660,Moist,1
1661,Discover,1
1662,MultiVitamin,1
1663,Physical,1
1664,SPF30,1
1665,Circular,1
1666,Response,1
1667,Dynamic,1
1669,Exfoliant,1
1670,Superfoliant,1
1671,Awaken,1
1672,SPF50,1
1673,Ultracalming,1
1674,Nature,1
1675,Oxygen,1
1676,Sound,1
1677,Cocoon,1
1678,Prisma,1
1679,Skinperfect,1
1680,Stress,1
1681,Positive,1
1682,Brightness,1
1683,Boosters,1
1684,Reversal,1
1685,Dior,1
1686,Addict,1
1687,Maximizer,1
1688,BACKSTAGE,1
1689,Rosy,1
1690,Forever,1
1691,Correct,1
1692,Rouge,1
1694,Transfer,1
1695,Stellar,1
1696,Miss,1
1697,Blooming,1
1698,Bouquet,1
1699,J'adore,1
1700,Diorshow,1
1701,24h,1
1702,Buildable,1
1703,Dreamskin,1
1704,Hypnotic,1
1705,Poison,1
1706,Sauvage,1
1707,Iconic,1
1708,Overcurl,1
1709,Capture,1
1710,Totale,1
1711,Potent,1
1712,Couleurs,1
1713,Couture,1
1714,Luminizer,1
1715,pearl,1
1716,Cica,1
1717,Recover,1
1718,Compact,1
1719,Absolutely,1
1720,Cushion,1
1721,Sérum,1
1722,Stage,1
1724,d'Eau,1
1725,Crayon,1
1726,Curler,1
1727,N'Roses,1
1729,JOY,1
1730,Pump,1
1731,'N',1
1732,Lifestyle,1
1733,Lumière,1
1734,Fahrenheit,1
1735,Huile,1
1736,Divine,1
1737,Delay,1
1740,infinissime,1
1741,Stylo,1
1742,Cologne,1
1743,OnSet,1
1744,Pump'N'Volume,1
1745,Mitzah,1
1747,Progressive,1
1748,Peeling,1
1749,Shaving,1
1750,Papers,1
1751,L’IMPERATRICE,1
1752,Dolce,1
1753,Garden,1
1754,Gabbana,1
1755,Lily,1
1756,Cider,1
1757,Vinegar,1
1758,Pollution,1
1759,Darker,1
1760,SturmGlow,1
1762,refiner,1
1763,Biotic,1
1764,Needles,1
1765,PoreDermabrasion,1
1766,MAGNETIGHT,1
1767,Defier,1
1768,Vacuum,1
1769,Scription,1
1770,Dr,1
1771,Brandt,1
1772,balanced,1
1773,yogurt,1
1775,chlorophyll,1
1776,Spots,1
1777,Microdermabrasion,1
1778,Transforming,1
1780,D,1
1782,PLUMPFIX,1
1783,Drop,1
1784,Years,1
1785,Microdermbrasion,1
1786,Alpha,1
1787,Beta,1
1788,Ferulic,1
1789,Correction,1
1790,Sensitive,1
1791,15%,1
1792,Right,1
1793,Steamer,1
1794,Biocellulose,1
1795,Modeling,1
1796,DRx,1
1797,SpectraLite,1
1798,EyeCare,1
1799,Max,1
1800,BodyWare,1
1801,Cicapair,1
1802,Tiger,1
1803,Grass,1
1804,Sleepair,1
1805,Teatreement,1
1806,Premium,1
1807,Focuspot,1
1808,Patches,1
1809,Rubber,1
1810,50+,1
1811,Camo,1
1812,35,1
1813,Ceramidin,1
1814,Remedy,1
1815,PHA,1
1816,Dermask,1
1817,Patch,1
1818,Dis,1
1819,Blemish,1
1820,Intra,1
1821,Wrinkless,1
1822,Allantoin,1
1824,C+B+E,1
1825,5x,1
1826,Ceramide,1
1827,Benzoyl,1
1828,Peroxide,1
1829,Inflam,1
1830,Scar,1
1831,Protini,1
1832,Polypeptide,1
1833,L,1
1834,Framboos,1
1835,Beste,1
1836,9,1
1837,Sukari,1
1838,Babyfacial,1
1839,Bronzi,1
1840,Lala,1
1841,Retro,1
1842,Whipped,1
1843,Lippe,1
1844,Virgin,1
1845,Marula,1
1846,Firma,1
1847,Slaai,1
1848,Tango,1
1849,Umbra,1
1850,Passioni,1
1851,Electrolyte,1
1852,Waterfacial,1
1853,Shaba,1
1854,Rase,1
1855,Milki,1
1856,Tinte,1
1857,Powerpeptide,1
1858,Biome,1
1859,Fermented,1
1860,Sake,1
1861,Pekee,1
1862,Juju,1
1863,Sili,1
1864,Happi,1
1865,Pitti,1
1866,Gloei,1
1867,Ceramighty,1
1868,AF,1
1869,Brightfacial,1
1870,Azelaic,1
1871,1%,1
1872,Cocomino,1
1873,Tangle,1
1875,Kamili,1
1876,Sugared,1
1877,Koffie,1
1878,LuxuryFace,1
1879,O,1
1880,Bloos,1
1881,Rosi,1
1882,Call,1
1884,Wonderwild,1
1885,Scrubbi,1
1886,Bamboes,1
1887,Silkamino,1
1888,Masker,1
1889,Littles,1
1890,Anytime,1
1891,Anyface,1
1892,Early,1
1893,Bird,1
1894,Brighten,1
1895,Sec,1
1896,Clips,1
1897,Tops,1
1898,Grip,1
1899,Rollers,1
1900,Rally,1
1902,Toddy,1
1903,Buttercup,1
1904,Crush,1
1905,Heated,1
1906,Sealant,1
1907,Ale,1
1908,Tress,1
1909,Press,1
1910,Digital,1
1911,Pint,1
1912,Round,1
1913,Texas,1
1914,Tease,1
1915,Teasing,1
1916,Mixologist,1
1917,Interchangeable,1
1918,Bender,1
1919,Morning,1
1920,Cap,1
1921,Southern,1
1922,Belle,1
1923,Rocks,1
1924,Soda,1
1925,Jump,1
1926,Wrap,1
1927,Bouncer,1
1928,Lil’,1
1929,Maker,1
1930,Half,1
1931,Lifter,1
1932,Mate,1
1933,Paddle,1
1934,Brunettes,1
1935,Agua,1
1936,Fresca,1
1937,Drybar,1
1938,Vibrating,1
1939,Seashore,1
1940,Spritzer,1
1941,Gin,1
1942,Liqueur,1
1943,Two,1
1944,Punch,1
1945,Activated,1
1946,Keg,1
1947,Edge,1
1948,Gelée,1
1949,Crown,1
1950,Adhesive,1
1951,Marvel,1
1952,Cloud,1
1953,D’Antibes,1
1954,MYTH,1
1955,DIARY,1
1959,BEE,1
1963,RROSE,1
1966,APRÈS,1
1967,SCI,1
1969,WEST,1
1970,Spectacular,1
1971,Scented,1
1972,Marvelous,1
1973,CBD,1
1974,Fully,1
1975,Booked,1
1976,Ellis,1
1977,BOOKLET,1
1978,RIVES,1
1979,ISO,1
1980,GAMMA,1
1981,FLORIST,1
1982,Break,1
1983,Burnout,1
1984,Wellness,1
1985,Rising,1
1986,Star,1
1987,Place,1
1988,Supreme+,1
1989,Estee,1
1990,Lauder,1
1991,Synchronized,1
1992,Matrix,1
1993,Futurist,1
1994,19,1
1995,DayWear,1
1996,Oxidant,1
1997,Normal,1
1998,Ferment,1
1999,Finisher,1
2000,Sumptuous,1
2001,Perfectionist,1
2002,CP+R,1
2003,Brilliance,1
2004,Watery,1
2005,NightWear,1
2006,Nutritious,1
2007,Pomegranate,1
2009,Resilience,1
2010,Tri,1
2011,Ferment²,1
2012,Concentrated,1
2013,GelCreme,1
2014,Major,1
2015,Nighttime,1
2016,Necessities,1
2017,Brumisateur,1
2018,HoliRoots,1
2020,SahaScalp,1
2021,Amla,1
2022,Ginger,1
2023,MahaMane,1
2024,Karma,1
2025,Sculpt,1
2026,14,1
2027,Challenge,1
2028,Blast,1
2029,Gua,1
2030,Sha,1
2031,Liftwear,1
2032,Coach,1
2033,Electro,1
2034,Bound,1
2035,Changer,1
2036,Succinic,1
2037,Reformer,1
2038,Ball,1
2039,Tension,1
2040,Release,1
2041,Youthful,1
2042,Faceshot,1
2043,Electric,1
2044,Ampoules,1
2045,Dissolving,1
2046,Restructure,1
2047,Cermide,1
2048,Strips,1
2049,Honeymoon,1
2050,Moringa,1
2051,Halo,1
2058,Beeswax,1
2059,Waterless,1
2060,Sweep,1
2061,Clearly,1
2062,Savior,1
2063,12%,1
2064,Bump,1
2065,Grail,1
2066,Potion,1
2067,3%,1
2068,TXA,1
2069,SkinFlex,1
2070,Fabulous,1
2071,Teasers,1
2072,Filt’r,1
2073,Stunna,1
2074,Paint,1
2075,Match,1
2076,Skinstick,1
2077,Killawatt,1
2078,Freestyle,1
2079,Eaze,1
2080,Cheeks,1
2081,Retouch,1
2082,Stalk'r,1
2083,Drip,1
2084,Snap,1
2085,Shadows,1
2086,Filt'r,1
2087,Invisimatte,1
2088,Lava,1
2089,Slip,1
2090,Shiny,1
2091,Brightener,1
2092,Kiss'r,1
2093,Luscious,1
2094,Poutsicle,1
2095,Stain,1
2096,Foil,1
2097,Lil',1
2098,Flypencil,1
2099,Flyliner,1
2100,Bodied,1
2101,110,1
2102,Hugging,1
2103,120,1
2104,100,1
2105,MVP,1
2106,Ice,1
2107,160,1
2108,Glossy,1
2109,Posse,1
2110,Frontal,1
2111,Fenty,1
2112,Icon,1
2113,Semi,1
2114,Fairy,1
2115,Fly,1
2116,190,1
2117,170,1
2118,Portable,1
2119,Touchup,1
2120,130,1
2121,Kiss’r,1
2122,Loving,1
2123,Scrubstick,1
2124,’Buki,1
2125,165,1
2126,210,1
2127,Clip,1
2128,125,1
2129,Sauce,1
2130,Luminizing,1
2131,180,1
2132,Drop'lit,1
2133,Enhancer,1
2134,195,1
2135,Lil,1
2136,105,1
2137,Buff,1
2138,115,1
2139,Watts,1
2140,Cheek'd,1
2141,Precise,1
2142,220,1
2143,240,1
2144,230,1
2145,Navy,1
2146,Football,1
2147,Butta,1
2148,Oils,1
2149,Butters,1
2150,Vizor,1
2151,Kalahari,1
2152,Melon,1
2153,Barbados,1
2154,Cleans'r,1
2155,Cookies,1
2156,Puddin’,1
2157,Sterols,1
2158,Hydra'Reset,1
2159,Glycerin,1
2160,Ryder,1
2161,Sand,1
2162,Enzymes,1
2163,Tamarind,1
2164,Start'r,1
2165,Watch,1
2166,Ya,1
2167,Tone,1
2168,Show,1
2169,Reusable,1
2170,Nap,1
2171,Persian,1
2172,Dish,1
2173,Awf,1
2174,Around,1
2175,Renew,1
2176,KP,1
2177,FAB,1
2178,Smoothie,1
2179,Ingrown,1
2180,Bendy,1
2181,Duty,1
2182,Oxide,1
2183,25%,1
2184,Dandruff,1
2186,Faves,1
2187,Pyrithione,1
2188,ZPT,1
2189,Pharma,1
2190,Calamine,1
2191,Purging,1
2192,Chafe,1
2193,Oatmeal,1
2194,Bye,1
2195,Bumps,1
2196,Adapting,1
2197,APHRODISIA,1
2198,Intimate,1
2199,Cannabis,1
2200,Hydrosol,1
2201,Wonderland,1
2202,Sunflower,1
2203,Arizona,1
2204,Neon,1
2205,Ylang,1
2206,Espresso,1
2207,Fireplace,1
2208,Mysore,1
2209,Spring,1
2210,LUNA,1
2211,fofo,1
2212,BEAR,1
2213,ESPADA,1
2215,IRIS,1
2217,Massaging,1
2218,UFO,1
2219,play,1
2221,Junkie,1
2223,ISSA,1
2224,H2Overdose,1
2225,Left,1
2226,Read,1
2227,Cuffing,1
2228,Season,1
2229,Advent,1
2230,Calendar,1
2231,Grown,1
2232,Folks,1
2233,Business,1
2234,Apres,1
2235,Ski,1
2236,Tropic,1
2237,It’s,1
2238,Chasing,1
2239,Waterfalls,1
2240,Thirst,1
2241,Trapping,1
2242,Mallow,1
2243,Dramatic,1
2244,Burning,1
2245,Bridges,1
2246,Kiss,1
2247,Tell,1
2248,Earth,1
2249,Musta,1
2250,Wind,1
2251,Spice,1
2252,Holly,1
2253,Berry,1
2254,Burr,1
2255,State,1
2256,Pine,1
2257,Wahala,1
2258,Freck,1
2259,Freckle,1
2260,Cheekslime,1
2261,Plant,1
2262,MAKEOUT,1
2263,CLUB,1
2264,Blur,1
2265,Bitch,1
2266,SLIMELIGHT,1
2267,LASHROCKET,1
2272,Soy,1
2273,BT,1
2274,Strawberry,1
2275,Brown,1
2276,Preserve,1
2277,Kombucha,1
2278,Petal,1
2279,Mint,1
2280,Freshening,1
2281,Lychee,1
2282,Corset,1
2283,Citron,1
2284,Vigne,1
2285,Juice,1
2286,Exfoliato,1
2287,Hesperides,1
2288,Freesia,1
2289,Verbena,1
2290,Preseve,1
2291,Umbrian,1
2292,Platinum+,1
2293,Unplugged,1
2294,Cordless,1
2295,Creative,1
2296,Bodyguard,1
2297,Rise,1
2298,Helios,1
2299,1875W,1
2300,"2""",1
2301,Wide,1
2302,Plate,1
2303,1600W,1
2304,Duet,1
2305,Sleek,1
2306,Talker,1
2307,Propolis,1
2308,Prisme,1
2309,Libre,1
2310,Interdit,1
2311,Perfecto,1
2312,Vinyl,1
2314,Caring,1
2315,Irresistible,1
2316,L'Interdit,1
2317,L’Interdit,1
2318,Ange,1
2319,ou,1
2320,Demon,1
2321,Secret,1
2322,Irrésistible,1
2323,Pi,1
2324,Mister,1
2325,Groom,1
2326,Gentleman,1
2327,Réserve,1
2329,Disturbia,1
2330,Refills,1
2331,Boisee,1
2332,Customized,1
2333,Fraiche,1
2334,Felt,1
2336,Revelateur,1
2337,Magnetic,1
2338,Soo,1
2339,Future,1
2340,Glue,1
2341,GLO,1
2342,Brilliant,1
2343,Smile,1
2344,Teeth,1
2345,Whitening,1
2346,Vials,1
2347,Dotcom,1
2348,Ultralip,1
2349,Glossier,1
2350,Glassy,1
2351,Generation,1
2352,Stretch,1
2353,Slick,1
2354,Monochromes,1
2355,Haloscope,1
2356,Lidstar,1
2357,Luminious,1
2358,Microfine,1
2359,Detailing,1
2360,Skywash,1
2361,Futuredew,1
2362,Hybrid,1
2363,Baume,1
2364,Chemical,1
2365,B5,1
2366,Transparent,1
2367,Plum,1
2368,Blueberry,1
2369,Babies,1
2370,Bestsellers,1
2371,Glowy,1
2373,Permanent,1
2374,Poser,1
2375,Google,1
2376,Nest,1
2377,Hub,1
2378,GOOPGLOW,1
2379,Microderm,1
2380,GOOPGENES,1
2382,Cloudberry,1
2383,Tox,1
2384,Himalayan,1
2385,"""The",1
2386,"Martini""",1
2387,Emotional,1
2388,Soak,1
2389,Nutrient,1
2390,20%,1
2391,Vita,1
2392,Knock,1
2393,Chews,1
2394,Malachite,1
2395,Restore,1
2396,Acids,1
2397,Viva,1
2398,Vulva,1
2399,Afterglow,1
2400,Slap,1
2401,Lined,1
2402,|,1
2403,Knot,1
2404,Turban,1
2405,Tamer,1
2406,Curved,1
2407,Nala,1
2408,Print,1
2409,GrandeLIPS,1
2410,GrandeLASH,1
2412,GrandeREPAIR,1
2413,GrandeMASCARA,1
2414,GrandePOUT,1
2415,GrandePRIMER,1
2416,Lengthener,1
2417,Thickener,1
2418,GrandeDRAMA,1
2419,Lèvres,1
2420,Voile,1
2421,Flora,1
2422,Gorgeous,1
2423,Gardenia,1
2424,Éclat,1
2425,Soleil,1
2426,Guilty,1
2427,L'Obscur,1
2428,Coffret,1
2429,Éternité,1
2430,Beauté,1
2431,Brume,1
2434,Multipurpose,1
2435,Gucci,1
2436,Ambrosia,1
2437,Des,1
2438,Yeux,1
2439,Khol,1
2440,Art,1
2441,Stickers,1
2442,Absolute,1
2443,Abeille,1
2444,Royale,1
2445,Météorites,1
2446,Pearls,1
2447,Parure,1
2448,24K,1
2449,Mon,1
2450,Guerlain,1
2451,Fortifying,1
2452,Terracotta,1
2453,Sunkissed,1
2454,R,1
2455,KissKiss,1
2456,Liplift,1
2457,Shalimar,1
2458,Late,1
2459,Allegoria,1
2460,Pera,1
2461,Granita,1
2462,Mandarine,1
2463,Basilic,1
2464,Ombres,1
2465,Salvaggia,1
2466,Cherrysia,1
2467,Mad,1
2468,Bergamote,1
2469,Calabria,1
2470,Rosa,1
2471,Rossa,1
2472,Nerolia,1
2473,Vetiver,1
2474,Soleia,1
2475,Pamplelune,1
2476,Teint,1
2477,See,1
2478,Multidimensional,1
2479,I’m,1
2480,Still,1
2481,Bubble,1
2482,Can't,1
2483,Stop,1
2484,Staring,1
2487,Anaheim,1
2488,Hella,1
2489,Point,1
2490,Def,1
2491,Overlining,1
2492,Dippin',1
2493,N°41,1
2494,41,1
2495,N°39,1
2496,39,1
2497,N°38,1
2498,38,1
2499,Weighted,1
2500,Razor,1
2501,Blades,1
2502,Holder,1
2503,Blade,1
2504,Bin,1
2505,Triclone,1
2506,Tech,1
2507,Arnica,1
2508,PhD,1
2509,Monster,1
2510,Optic,1
2511,Intensity,1
2512,Hy,1
2513,Atomic,1
2514,Shake,1
2515,Fuse,1
2516,Cruelty,1
2517,Lapis,1
2518,Rosewater,1
2519,Emerald,1
2520,Adaptogens,1
2521,Phoenix,1
2522,Amethyst,1
2523,Epsom,1
2524,Prism,1
2525,Jade,1
2526,Nova,1
2527,Turmeric,1
2528,Aquarius,1
2531,THD,1
2532,Moon,1
2533,Clarity,1
2534,Clouds,1
2535,Dirty,1
2536,Bergamusk,1
2537,Jardin,1
2538,Twilly,1
2539,d'Hermès,1
2540,sur,1
2542,Nil,1
2543,Toit,1
2545,Merveilles,1
2546,Terre,1
2547,d’Hermès,1
2548,Monsieur,1
2549,Li,1
2550,Hermès,1
2551,Poivrée,1
2552,Bleue,1
2553,Lagune,1
2554,Rhubarbe,1
2555,Écarlate,1
2556,Voyage,1
2557,d’orange,1
2558,verte,1
2559,H24,1
2560,pamplemousse,1
2562,d'Hermes,1
2563,Vétiver,1
2567,ambrée,1
2568,Givrée,1
2569,néroli,1
2570,doré,1
2571,Seamless,1
2572,Ambient,1
2573,Lighting,1
2574,Phantom,1
2575,Scattered,1
2576,Confession,1
2577,Immaculate,1
2578,Caution,1
2579,Unreal,1
2580,Strobe,1
2581,Arch,1
2582,Illusion,1
2583,Unlocked,1
2584,Extensions,1
2585,N°,1
2586,28,1
2587,5MM,1
2588,Mechanical,1
2589,Curator,1
2590,Voyeur,1
2591,Edit,1
2592,Ghost,1
2593,Retouching,1
2594,Equilibrium,1
2595,Retinoid,1
2596,Infinity,1
2597,#8,1
2598,Retractable,1
2599,Rebalancing,1
2600,Restoring,1
2601,Biomimetic,1
2602,House,1
2603,Eyelash,1
2604,Eyelashes,1
2605,Stuck,1
2606,Bake,1
2607,Obsessions,1
2608,Metal,1
2609,Melted,1
2610,Throwback,1
2611,Automatic,1
2612,#FauxFilter,1
2613,REMASTERED,1
2614,Naughty,1
2615,Tantour,1
2616,Demi,1
2617,Pastel,1
2618,Mink,1
2619,Empowered,1
2620,GloWish,1
2621,LEGIT,1
2623,Multidew,1
2624,Shade,1
2625,Cheeky,1
2627,M,1
2628,P,1
2629,Mama’s,1
2630,Panty,1
2631,Hose,1
2632,#BombBrows,1
2633,Microshade,1
2634,Resting,1
2636,Jam,1
2637,Build,1
2639,Lovefest,1
2640,Icy,1
2641,Conceal,1
2642,Spicy,1
2643,Thermo,1
2644,Kohl,1
2645,Growth,1
2646,Folic,1
2647,Squad,1
2648,ProbioticSupplement,1
2649,Flatter,1
2650,Digestive,1
2651,Carpet,1
2652,Health,1
2653,Private,1
2654,Supports,1
2655,Vaginal,1
2656,Urinary,1
2657,Tract,1
2658,Raw,1
2659,Superfood,1
2660,Runway,1
2661,Ready,1
2663,Dissolvable,1
2664,Tablets,1
2665,zzZz,1
2666,Support,1
2667,Melatonin,1
2668,Killer,1
2669,Nails,1
2671,ACV,1
2672,Gut,1
2673,Probiotics,1
2674,Management,1
2675,Ashwagandha,1
2676,Theanine,1
2677,Mighty,1
2678,CoQ10,1
2679,Counter,1
2680,Cravings,1
2681,Helps,1
2682,Reduce,1
2683,Boosts,1
2684,Metabolism,1
2685,Boost,1
2686,Immune,1
2687,Fan,1
2690,symptom,1
2691,menopause,1
2693,Moody,1
2694,PMS,1
2695,Womb,1
2696,Service,1
2697,OBGYN,1
2698,Formulated,1
2699,Prenatal,1
2700,ChillAdaptogenStress,1
2701,OMG,1
2702,Fish,1
2703,Uber,1
2704,Adrenal,1
2705,Adaptogen,1
2706,Wing,1
2707,Man,1
2708,Liver,1
2709,Comes,1
2710,Turn,1
2711,Back,1
2712,Arctic,1
2713,Mandelic,1
2714,Fade,1
2715,Hyperpigmentation,1
2716,Illuminator,1
2717,Glaze,1
2718,Smoother,1
2719,Underglow,1
2720,Icons,1
2721,Pot,1
2722,Rollaway,1
2723,First,1
2724,Class,1
2725,MISTRESS,1
2726,Behavior,1
2727,Spirulina,1
2728,Mixed,1
2729,Feelings,1
2730,Antisocial,1
2731,KID,1
2732,EXPENSIVE,1
2733,THIRSTY,1
2735,Crybaby,1
2736,ClubVolume,1
2739,Offline,1
2740,Lag,1
2741,Girls,1
2742,Brunette,1
2743,Limit,1
2744,Direct,1
2745,Flight,1
2746,Next,1
2747,Level,1
2748,Nordic,1
2749,Bougie,1
2750,800,1
2751,Crunch,1
2753,Summer,1
2754,Limitless,1
2755,Balmy,1
2756,Necessary,1
2757,NightLite,1
2758,Fullest,1
2759,DayLite,1
2760,Iridescent,1
2761,Jammy,1
2762,Lacquer,1
2763,Cosmic,1
2764,Kinda,1
2765,Bliss,1
2766,Recharge,1
2767,Listen,1
2768,Quencher,1
2769,Crazy,1
2771,Boob,1
2772,Bum,1
2773,Hypno,1
2774,Need,1
2775,Spa,1
2776,Slushy,1
2777,Machine,1
2778,Pimple,1
2779,Remix,1
2780,Tranexamic,1
2781,Keep,1
2782,Refine,1
2789,36,1
2790,Volcanic,1
2791,Clusters,1
2792,Bija,1
2793,Jeju,1
2794,Heroes,1
2795,Purify,1
2796,Disco,1
2797,Mitt,1
2798,Confidence,1
2799,CC+,1
2800,Illumination,1
2801,Circles,1
2802,Neutralizing,1
2803,Superhero,1
2804,Primer+,1
2805,4%,1
2806,Tug,1
2807,It's,1
2808,#2,1
2809,Reducing,1
2810,#7,1
2811,Dive,1
2812,Guard,1
2813,Resistant,1
2814,Energizing,1
2815,Turbo,1
2816,Beard,1
2817,Lube,1
2818,Epic,1
2819,MP10,1
2820,Healer,1
2821,Scrubbing,1
2822,Lather,1
2823,Pit,1
2824,Antiperspirant,1
2825,Erase,1
2826,Saviors,1
2827,Header,1
2828,Eucalyptus,1
2829,CTRL,1
2830,Choo,1
2831,Urban,1
2832,Jlo,1
2833,Blockbuster,1
2834,Screen,1
2835,Hit,1
2836,Flaunt,1
2837,Targeted,1
2838,Booty,1
2839,Tighten,1
2840,Hustle,1
2841,Resurfacer,1
2842,Seduce,1
2843,Wood,1
2844,Sage,1
2845,Suede,1
2846,Nectarine,1
2847,English,1
2848,Bluebell,1
2849,Cardamom,1
2850,Bay,1
2851,Myrrh,1
2852,Tonka,1
2853,Surround,1
2854,Davana,1
2855,Scarlet,1
2856,Poppy,1
2857,Luxuries,1
2858,Lime,1
2859,Basil,1
2860,Mandarin,1
2861,Barley,1
2862,Sambac,1
2863,Marigold,1
2864,Fig,1
2865,Oak,1
2866,Hazelnut,1
2867,Daffodil,1
2868,Bitter,1
2869,Yellow,1
2870,Christmas,1
2871,Cracker,1
2872,Cypress,1
2873,Grapevine,1
2874,HoneyCandle,1
2875,Osmanthus,1
2876,Nashi,1
2877,Madarin,1
2878,Blossoms,1
2879,percent,1
2880,Pineapple,1
2881,47,1
2882,Megamoisture,1
2883,33,1
2885,Naked,1
2886,Eczema,1
2887,Riviera,1
2888,Juicy,1
2890,INC,1
2891,Bestselling,1
2892,MMMM…,1
2893,Moscow,1
2894,Mule,1
2895,Purse,1
2896,Lady,1
2897,Vengeance,1
2898,Wardrobe,1
2899,Superdose,1
2900,Sunny,1
2901,Side,1
2902,Another,1
2903,Musc,1
2904,Fever,1
2905,Madame,1
2906,Lili,1
2907,Fantasy,1
2908,Complete,1
2909,&HairStrengthening,1
2910,TreatmentOil,1
2911,Embody,1
2912,Nurture,1
2913,Undamage,1
2914,Molecular,1
2917,Maintenance,1
2918,Melter,1
2919,Stamp,1
2920,Blendable,1
2922,SWIPE,1
2923,Cushiony,1
2924,Wink,1
2925,Charm,1
2926,Keychain,1
2927,Settle,1
2928,Joystick,1
2929,Undereye,1
2930,Cat,1
2931,Beat,1
2932,Stone,1
2933,Tamanu,1
2934,Sex,1
2935,Grounding,1
2936,Forest,1
2937,EradiKate,1
2938,ExfoliKate,1
2939,Goat,1
2940,Bac,1
2941,DermalQuench,1
2942,Diminishing,1
2943,ExfoliKate�,1
2944,Kx,1
2945,Concentrates,1
2946,Mimicking,1
2947,Warrior,1
2948,DeliKate,1
2949,+Retinol,1
2950,KateCeuticals,1
2951,Saver,1
2952,Deflector,1
2953,PA++++,1
2954,Visible,1
2955,HydraKate,1
2956,Mark,1
2957,Fading,1
2958,Arrest,1
2959,Try,1
2964,48,1
2965,EDEN,1
2968,UTOPIA,1
2969,INVITE,1
2970,23,1
2971,64,1
2974,PEPPER,1
2975,DÉJÀ,1
2976,VU,1
2979,57,1
2981,11,1
2983,Doublesided,1
2984,CITRUS,1
2985,08,1
2986,YUM,1
2987,PISTACHIO,1
2988,GELATO,1
2989,EDP,1
2991,Ultime,1
2992,Nutritive,1
2993,8H,1
2994,Resistance,1
2995,Initialiste,1
2996,Blond,1
2997,Densifique,1
2998,Lightened,1
2999,Extremely,1
3000,Severely,1
3001,Ends,1
3002,Discipline,1
3003,Frizzy,1
3004,Genesis,1
3005,Chronologiste,1
3006,Dull,1
3007,Brittle,1
3008,Weakened,1
3009,Manifesto,1
3010,Specifique,1
3011,Divalent,1
3012,Affair,1
3013,Absorbing,1
3014,Oleo,1
3015,Relax,1
3016,Restyling,1
3017,L'incroyable,1
3018,Reshapable,1
3019,Potentialiste,1
3020,VIP,1
3021,Symbiose,1
3022,Antidandruff,1
3023,Relaxing,1
3024,Bouffante,1
3025,Laque,1
3026,Bodifying,1
3027,Aura,1
3028,Botanica,1
3029,L’Huile,1
3030,Deeply,1
3031,Powerful,1
3032,Corrective,1
3033,Fast,1
3034,Repairative,1
3035,Pak,1
3036,Rare,1
3037,Brew,1
3038,Calendula,1
3039,Botanical,1
3040,Sativa,1
3041,Herbal,1
3042,Derived,1
3043,Vitality,1
3044,Buttermask,1
3045,Fuel,1
3046,Epidermal,1
3047,Re,1
3048,Dermabrasion,1
3049,"""Ultimate",1
3050,"Man""",1
3051,Dermatologist,1
3052,Centella,1
3053,Eliminator,1
3054,Moisturize,1
3055,Potency,1
3056,0%,1
3057,8%,1
3058,Bundle,1
3059,Shy,1
3060,Princess,1
3061,Angels,1
3062,Share,1
3063,Gone,1
3064,KILIAN,1
3065,Rolling,1
3066,"""Memento",1
3067,"Mori""",1
3068,Brandy,1
3069,Intoxicated,1
3070,Heaven,1
3071,Cristal,1
3072,Moonlight,1
3074,Vodka,1
3075,Sacred,1
3076,Cloths,1
3077,Cocount,1
3078,Noni,1
3079,Minty,1
3080,Invigorating,1
3081,Greek,1
3082,Yoghurt,1
3083,Santorini,1
3084,Poreless,1
3085,Drink,1
3086,MenoReverse,1
3087,Revealer,1
3088,Baked,1
3089,Improving,1
3090,Comfy,1
3091,Kosasport,1
3092,LipFuel,1
3093,Second,1
3094,Watercolor,1
3095,Undressed,1
3096,Chemistry,1
3097,Buttery,1
3098,GrowPotion,1
3099,Underlined,1
3100,Kajal,1
3101,Mehndi,1
3102,Moment,1
3103,Tattoo,1
3104,Everlasting,1
3105,Ink,1
3106,Saint,1
3107,Sinner,1
3108,Hyperlight,1
3109,Dazzle,1
3110,XO,1
3111,ModCon,1
3112,#70,1
3113,Kitten,1
3114,Glamrok,1
3115,Purrfect,1
3116,Softening,1
3117,Beautifying,1
3118,Supple,1
3119,Lavender,1
3120,Harvest,1
3121,Immortelle,1
3122,Delightful,1
3123,Steampod,1
3124,Barbie,1
3125,x,1
3127,Mer,1
3128,Emulsion,1
3129,Regenerating,1
3130,Idole,1
3131,Cils,1
3132,XL,1
3133,Idôle,1
3134,Génifique,1
3135,Vie,1
3136,Est,1
3137,Tonique,1
3138,Confort,1
3139,Comforting,1
3140,Acacia,1
3141,Zen,1
3142,Facil,1
3143,L'Absolu,1
3144,DRAMA,1
3145,LIQUI,1
3147,Dèfinicils,1
3148,Tubes,1
3149,Aquagel,1
3151,FEELS,1
3152,Clarifique,1
3156,HYPNÔSE,1
3157,Rénergie,1
3158,Foundation​,1
3159,ARTLINER,1
3165,DÉFINICILS,1
3166,DOLL,1
3167,Trésor,1
3168,L'Eclat,1
3169,Forget,1
3170,Absolue,1
3171,Hydrogel,1
3172,HYPNOSE,1
3173,Types,1
3174,Rènergie,1
3175,Wrapping,1
3176,Genifique,1
3177,80,1
3178,Idolize,1
3179,ash,1
3180,Bank,1
3181,Radian,1
3182,Berries,1
3183,n',1
3184,Choco,1
3185,Kisses,1
3186,BTS,1
3187,Amorepacific,1
3188,Fusion,1
3189,Glacé,1
3190,Velour,1
3191,Roseglow,1
3192,Candleglow,1
3193,Tightline,1
3194,Cake,1
3195,Catcher,1
3196,Soufflé,1
3198,Ambre,1
3199,Vanillé,1
3200,Brûlée,1
3201,Artist,1
3202,16HR,1
3203,Little,1
3204,Conseal,1
3205,Lovingly,1
3206,Nourish,1
3207,Aglow,1
3208,Glisten,1
3209,Virtuous,1
3210,Golden,1
3211,Welcome,1
3212,Miami,1
3213,Click,1
3214,Butterfl'eye,1
3215,Kit—Bestie,1
3217,Amp²,1
3218,Vanishing,1
3219,Elongator,1
3220,Higher,1
3221,Standard,1
3222,Limits,1
3223,Speak,1
3224,Aim,1
3225,Secure,1
3226,Gripping,1
3227,04,1
3228,Bois,1
3229,Balincourt,1
3230,09,1
3231,Vallée,1
3232,Farney,1
3233,L'Etang,1
3234,Fond,1
3235,Bousval,1
3236,Antidris,1
3237,Cassis,1
3238,05,1
3239,Kandilli,1
3240,Vallee,1
3241,’REPLICA’,1
3242,REPLICA',1
3243,Jazz,1
3244,Lazy,1
3245,Coffee,1
3246,Sailing,1
3247,Trees,1
3248,Stops,1
3249,Autumn,1
3250,Meditation,1
3251,Springtime,1
3252,Park,1
3253,HD,1
3254,Undetectable,1
3255,Lipliner,1
3257,Resist,1
3258,Microfinishing,1
3259,Smoky,1
3260,Extravagant,1
3261,250,1
3262,Sens’Eyes,1
3263,Underpainting,1
3264,24HR,1
3265,158,1
3266,Minimizer,1
3267,216,1
3268,Bag,1
3269,Primers,1
3270,MiniMist,1
3271,274,1
3272,126,1
3273,124,1
3274,112,1
3275,226,1
3276,Shader,1
3277,156,1
3278,#109,1
3279,Graphic,1
3280,Professionall,1
3281,MoistureGlow,1
3282,SoftSculpt,1
3283,SurrealSkin,1
3284,Master,1
3285,Mattes,1
3286,Ethereal,1
3287,Reflector,1
3288,Suede️,1
3289,Cozy,1
3290,Surreal,1
3291,F4,1
3292,F1,1
3293,Metallics,1
3294,F2,1
3295,F3,1
3296,EF,1
3297,Evening,1
3298,Chlorella,1
3299,Reishi,1
3300,Plankton,1
3301,PHAFlower,1
3302,Daisy,1
3303,Paradise,1
3304,Penspray,1
3305,Daze,1
3306,Petals,1
3307,Herbs,1
3308,Cucumber,1
3309,Buffering,1
3310,Buttermilk,1
3311,Regimen,1
3312,Spritz,1
3313,Grab,1
3328,lubricant,1
3329,Vibe,1
3331,flutter,1
3337,salts,1
3340,Wipe,1
3343,biodegradable,1
3345,Tub,1
3350,spot—5,1
3351,internal,1
3353,sanitizing,1
3355,trio—massage,1
3357,Elongating,1
3358,Smoke,1
3359,Sessions,1
3360,Blushlight,1
3361,Dust,1
3362,Waterline,1
3363,Four,1
3364,Twenty,1
3365,Seven,1
3366,She's,1
3367,Parties,1
3368,Zodiac,1
3369,Rust,1
3370,Mary,1
3371,Jane,1
3372,Millennial,1
3373,Pinx,1
3374,Gemini,1
3375,Monarca,1
3376,Amor,1
3377,Mariposas,1
3378,SexFoil,1
3379,Brunet,1
3380,Minimalist,1
3381,1980,1
3383,Sunshine,1
3384,Holographic,1
3385,Eclipse,1
3386,Bionic,1
3387,Chalk,1
3389,Ungrip,1
3390,Stash,1
3391,Wonder,1
3392,Textures,1
3393,Moroccan,1
3394,Steam,1
3395,Replenish,1
3396,Holding,1
3397,Define,1
3398,Stretching,1
3399,Artful,1
3400,Legend,1
3401,Explorer,1
3402,Spirit,1
3403,SuperYou,1
3404,SuperHair,1
3405,Nutrition,1
3406,Fire,1
3407,SuperBeauty,1
3408,SkinSupplement,1
3409,Ting,1
3410,Stim,1
3411,Magnesi,1
3412,Om,1
3413,Brain,1
3414,Creamer,1
3415,Supers,1
3416,SuperPower,1
3417,Moroccanoil,1
3418,Mending,1
3419,Depositing,1
3420,Prevent,1
3421,Glimmer,1
3422,Packette,1
3423,Shimmering,1
3424,Ionic,1
3425,55mm,1
3426,"8""",1
3427,Liter,1
3428,Titanium,1
3429,Infrared,1
3430,Escape,1
3431,45mm,1
3432,25mm,1
3433,mm,1
3434,Alien,1
3435,Angel,1
3436,PA+++,1
3437,Invisiblur,1
3438,InvisiScar,1
3439,Charged,1
3440,Dietary,1
3441,45|,1
3442,Revitalixir,1
3443,Outsmart,1
3444,Trial,1
3445,Younger,1
3446,Clearer,1
3447,Retinal,1
3448,Rescuplt,1
3449,Unicorn,1
3450,73%,1
3451,NAILKALE,1
3452,Manicure,1
3453,Pedicure,1
3454,Naturale,1
3455,Peachy,1
3456,Perky,1
3457,Artificial,1
3458,Freshly,1
3459,Juiced,1
3460,Choose,1
3461,Feeling,1
3462,Sticker,1
3463,Horizon,1
3464,Made,1
3465,Mykonos,1
3466,NAILPURE,1
3468,less,1
3469,Caught,1
3471,Capsules,1
3472,Mani,1
3473,Hack,1
3474,Glazing,1
3475,Serving,1
3476,Swirls,1
3477,Maniplex,1
3478,Audacious,1
3479,Powermatte,1
3480,Multiple,1
3481,Voyageur,1
3482,Laguna,1
3483,Orgasm,1
3485,Getaway,1
3486,Monoi,1
3487,Climax,1
3488,#11,1
3490,Yachiyo,1
3491,Thrills,1
3492,ITA,1
3493,#10,1
3494,#15,1
3495,#16,1
3496,Sensual,1
3497,#22,1
3498,Allover,1
3499,Biba,1
3500,Zendo,1
3501,Skinglass,1
3502,Transformatte,1
3503,X+,1
3504,Transfix,1
3505,Lipgloss,1
3506,Work,1
3507,Macro,1
3508,Pouch,1
3509,imum,1
3510,Baggage,1
3511,Supercharge,1
3512,Illumi,1
3513,nation,1
3514,Aid,1
3515,Sleepover,1
3516,Retin,1
3517,Vitamins,1
3518,Surfactants,1
3519,Hydroxy,1
3520,Nano,1
3521,Panthenol,1
3522,9%,1
3523,Indigo,1
3524,Madagascar,1
3525,Tulip,1
3526,Seville,1
3527,Balinese,1
3528,Turkish,1
3529,Citrine,1
3530,Indian,1
3531,Wisteria,1
3532,Ornament,1
3533,Festive,1
3534,Reed,1
3535,South,1
3536,Pacific,1
3537,Sandalwood,1
3538,Pumpkin,1
3539,Chai,1
3540,Petite,1
3541,Birchwood,1
3542,Votive,1
3543,Sicilian,1
3544,Linen,1
3545,Driftwood,1
3546,Crystallized,1
3547,Bean,1
3548,Misting,1
3549,Wall,1
3550,Zest,1
3551,Woods,1
3552,Gray,1
3553,Malin,1
3555,Wilderness,1
3556,Nudies,1
3558,'N,1
3559,3pc,1
3561,Glace,1
3562,Nudefix,1
3563,Stylus,1
3564,Lux,1
3565,Nudescreen,1
3566,2pcs,1
3567,Blot,1
3568,90's,1
3569,Pretty,1
3570,NUDESKIN,1
3572,Glamzilla,1
3573,Euphoric,1
3574,7pc,1
3575,Festival,1
3576,Trendy,1
3577,Pc,1
3578,Splashproof,1
3579,Louder,1
3580,Nudestix,1
3581,NuFACE,1
3582,Mini+,1
3583,Trinity,1
3584,NuBODY,1
3585,Reducer,1
3587,Trinity+,1
3588,Effective,1
3589,WOMEN,1
3590,Clinically,1
3591,Proven,1
3592,Women’s,1
3595,45+,1
3596,Purifier,1
3597,Strand,1
3598,Blocker,1
3599,Esters,1
3601,Reliever,1
3602,Scalps,1
3603,POSTPARTUM,1
3604,4P,1
3605,4C,1
3606,Remedies,1
3607,4D,1
3608,Glow2OH,1
3609,PHAT,1
3610,Force,1
3611,Plunge,1
3612,Dewtopia,1
3613,Find,1
3614,Lemonade,1
3615,Cycle,1
3616,ALT,1
3617,LHA,1
3618,Sauna,1
3619,Trainer,1
3620,Truth,1
3621,Bright+,1
3622,Goodnight,1
3623,Sticks,1
3624,Hydrabarrier,1
3625,Firmly,1
3626,Wonders,1
3627,BeamCream,1
3628,Let's,1
3629,Jenna,1
3630,Rennert,1
3631,OLEHENRIKSEN,1
3632,OLE,1
3633,Versatile,1
3634,Clapper,1
3635,'Til,1
3636,Dawn,1
3637,PATRICK,1
3638,STARRR,1
3639,Visionary,1
3640,Popper,1
3641,Snatcher,1
3643,Fantasize,1
3644,Disney,1
3645,Fantasia,1
3648,Mickey,1
3649,BrowKiki,1
3650,Lust,1
3651,#OribeObsessed,1
3652,Supershine,1
3653,Royal,1
3654,Transformative,1
3655,Alchemy,1
3656,Serene,1
3657,Maximista,1
3658,Run,1
3659,Magnificent,1
3660,Imperial,1
3662,Impermeable,1
3663,Aprés,1
3664,Grandiose,1
3665,Lightening,1
3666,Silkening,1
3667,Structure,1
3668,Silverati,1
3669,Improvement,1
3670,Checks,1
3671,Balances,1
3672,Frothy,1
3673,GinZing,1
3674,Willowherb,1
3675,Swiss,1
3676,Glacier,1
3677,Mins,1
3678,Problem,1
3680,Andrew,1
3681,Weil,1
3682,Origins,1
3683,Doctor,1
3684,PLANTSCRIPTION,1
3685,powered,1
3687,Recruitment,1
3693,Burst,1
3694,Rattan,1
3695,Fallen,1
3696,Fir,1
3697,Daybed,1
3698,Shiso,1
3699,Old,1
3700,Fashioned,1
3701,Dappled,1
3702,Mountain,1
3703,Lace,1
3704,Ruby,1
3705,Tapestry,1
3706,Crisp,1
3707,Cornflower,1
3708,St,1
3709,Barts,1
3710,Melrose,1
3711,Chill,1
3712,Pills,1
3713,Shibuya,1
3714,North,1
3715,Bondi,1
3716,Dean,1
3717,Street,1
3718,Pet,1
3719,Rue,1
3720,Honoré,1
3721,Valkiria,1
3722,Auraflowne,1
3723,Million,1
3724,Invictus,1
3725,FAME,1
3726,Lucky,1
3727,Victory,1
3729,MatteTrance,1
3732,Mothership,1
3733,Seduction,1
3734,Fetish,1
3735,Permagel,1
3736,BlitzTrance,1
3737,Trios,1
3738,VII,1
3739,FetishEyes,1
3740,Subliminal,1
3742,IX,1
3743,Huetopian,1
3744,Divinyl,1
3745,VIII,1
3746,Artistry,1
3747,Venus,1
3748,VI,1
3749,LiquiLUST,1
3750,PERMA,1
3752,Moonlit,1
3753,Eternal,1
3755,Celestial,1
3756,Divinity,1
3757,Fleurs,1
3758,Voyeuristic,1
3759,Vixen,1
3760,IntensifEYES,1
3761,ChromaLuxe,1
3762,Wars,1
3763,MTHRSHP,1
3764,Infatuation,1
3765,Liaison,1
3766,Headlines,1
3767,Dimension,1
3768,Monochrome,1
3769,#1,1
3770,Nose,1
3771,Bottle,1
3772,Coily,1
3773,&Coily,1
3774,Tooth,1
3775,Microfiber,1
3776,Tools,1
3777,Pick,1
3778,Heavy,1
3779,Transition,1
3781,Packs,1
3782,Conditioners,1
3783,C15,1
3785,Extending,1
3786,C5,1
3788,Discoloration,1
3790,Normalizing,1
3791,Omega+,1
3792,UnScrub,1
3793,30+,1
3794,Infusing,1
3795,Healing,1
3796,Dots,1
3797,Puffy,1
3798,Drench,1
3799,FIRMx,1
3800,Goodbye,1
3801,Therapeutic,1
3802,Sulfur,1
3803,Enzymatic,1
3804,Dermal,1
3805,Tightener,1
3806,PM,1
3807,Irish,1
3808,Moor,1
3809,Fense,1
3810,Die,1
3811,Masking,1
3812,Minis,1
3813,Firmers,1
3814,Missing,1
3815,Person,1
3816,Somebody,1
3817,Ameline,1
3818,Lost,1
3819,Cause,1
3820,Phloria,1
3821,PMD,1
3822,Elite,1
3823,Obsidian,1
3824,CANDY,1
3825,Paradoxe,1
3827,Giftset,1
3828,Prada,1
3830,Carbon,1
3831,Botanicals,1
3832,Unwind,1
3833,Gem,1
3834,R+R,1
3835,Rub,1
3836,Menthol,1
3837,Magnesium,1
3838,Aphrodisiacs,1
3839,Personalized,1
3840,Fanatic,1
3841,Nanoworks,1
3842,Topcoat,1
3843,Romance,1
3844,Ralph,1
3845,Polo,1
3846,Ralph's,1
3847,Saffron,1
3848,Rani,1
3849,Bakuchi,1
3850,Reign,1
3851,Ceremony,1
3852,Moonseed,1
3853,L’Immortale,1
3854,Empress,1
3855,Majesty,1
3856,Kansa,1
3857,Veda⁴,1
3858,Antioxidants,1
3859,Pinch,1
3860,Wishes,1
3861,Effortless,1
3862,Vulnerable,1
3863,Words,1
3864,Gratitude,1
3865,Strokes,1
3866,Optimist,1
3867,Diffusing,1
3868,Harmony,1
3869,Sincerely,1
3870,Give,1
3871,Grace,1
3872,REFY,1
3873,Glycol,1
3874,Steady,1
3875,Evercalm,1
3876,Atlantic,1
3877,Kelp,1
3878,Recycled,1
3879,Plastic,1
3880,Clearcalm,1
3881,Container,1
3882,UnCoverup,1
3883,Living,1
3884,ReDimension,1
3885,Eyelights,1
3886,ReEvolve,1
3887,Locking,1
3888,Enhance,1
3889,Softlight,1
3890,Pigmented,1
3891,Microencapsulated,1
3892,Resolution,1
3893,Reveal,1
3894,Number,1
3895,Eyehadow,1
3896,SuperFruit,1
3897,Rosebud,1
3898,Tube,1
3899,Minted,1
3900,Grandioso,1
3901,Brillante,1
3902,Prodigio,1
3903,Intenso,1
3904,Velluto,1
3905,Favoloso,1
3906,Movement,1
3907,Hydrabeam,1
3908,Airset,1
3909,101,1
3910,Sunvisor,1
3911,Hydrobounce,1
3912,Hydrabloom,1
3913,Sephora,1
3914,Colorful,1
3915,#LIPSTORIES,1
3916,Outrageous,1
3917,Glossed,1
3918,Pad,1
3919,#57,1
3920,#56,1
3921,MicroSmooth,1
3922,Astrology,1
3923,Stories,1
3924,#71,1
3925,Clicks,1
3926,Mistake,1
3927,#50,1
3929,#99,1
3930,Organizer,1
3931,#80,1
3932,#47,1
3933,#78,1
3934,#55,1
3935,#93,1
3936,#96,1
3937,Blotted,1
3938,Tape,1
3940,Phytoprotiens,1
3941,Market,1
3942,Duos,1
3943,Roll,1
3944,#85,1
3945,Lashcraft,1
3946,#19,1
3947,Last,1
3948,Prebiotics,1
3949,Amplifier,1
3950,Shifter,1
3951,#79,1
3953,Swabs,1
3954,Shaper,1
3955,Fruits,1
3956,Waxy,1
3957,#59,1
3958,#64,1
3959,Wishing,1
3960,#26,1
3961,#45,1
3962,#24,1
3963,#98,1
3964,Weekend,1
3965,Strip,1
3966,#87,1
3967,Aventurine,1
3968,Deodorants,1
3969,Sanitizer,1
3970,Apart,1
3971,Fuser,1
3972,Together,1
3973,Bobby,1
3974,Pins,1
3975,Winter,1
3976,Hollydays,1
3977,Groovy,1
3978,Tame,1
3979,#27,1
3980,Destinations,1
3981,SUPERMASK,1
3982,#13,1
3983,Hanging,1
3984,Gradual,1
3985,Target,1
3986,SC,1
3987,Wetbrush,1
3988,Surprise,1
3990,Fringe,1
3991,Cosmetic,1
3992,Collection–The,1
3993,Mattify,1
3994,Flirty,1
3995,Fizz,1
3996,Grey,1
3997,Sigma,1
3998,Sellers,1
3999,Depart,1
4000,Fizzy,1
4001,Exfoliate,1
4002,Card,1
4003,Birthday,1
4004,Favorites,1
4005,—,1
4006,Game,1
4007,Changers,1
4008,Hottest,1
4009,Reform,1
4010,Shani,1
4011,Darden,1
4012,Déesse,1
4013,Benefiance,1
4014,Environment,1
4015,42,1
4016,Synchro,1
4017,Ultimune,1
4018,MicroLiner,1
4019,VisionAiry,1
4020,WrinkleResist24,1
4021,Lucent,1
4022,Hanatsubaki,1
4023,Hake,1
4024,WetForce,1
4025,Children,1
4026,Daiya,1
4027,Fude,1
4028,LX,1
4029,NutriPerfect,1
4030,Sheets,1
4031,Microfoam,1
4032,WrinkleSpot,1
4033,Eudermine,1
4034,Activating,1
4035,Izumi,1
4036,Netsu,1
4037,Design,1
4038,Tsuki,1
4039,Yūbi,1
4040,Camellia,1
4041,Wata,1
4042,Muroto,1
4043,Awa,1
4044,Shiki,1
4045,Worker,1
4046,Benefit,1
4047,Kaze,1
4048,Ashita,1
4049,Ishi,1
4050,Tsuyu,1
4051,Moya,1
4052,Pitera,1
4053,SKINPOWER,1
4054,Airy,1
4055,GenOptics,1
4057,Derm,1
4058,Chest,1
4059,Barrier+,1
4060,Resurface+,1
4061,Eczema+,1
4062,Dermatitis,1
4063,Acne+,1
4064,Hyaluronate,1
4066,Recovery+,1
4067,Remedy+,1
4068,911,1
4069,Ointment,1
4070,Cove,1
4071,Fields,1
4072,Fall,1
4073,Canyon,1
4074,Slipsilk,1
4075,Scrunchies,1
4076,Pillowcase,1
4077,Queen,1
4078,Headband,1
4079,Sleepmask,1
4080,Band,1
4081,King,1
4082,Pixie,1
4083,Starlet,1
4084,Lovely,1
4085,Photo,1
4086,Cali,1
4087,Smashbox,1
4088,Becca,1
4089,Sharp,1
4090,Kôhl,1
4091,Angeles,1
4093,Exposure,1
4094,Primerizer+,1
4095,Mindful,1
4096,Illuminate,1
4097,Intensify,1
4098,Revitalize,1
4099,Endurance,1
4100,Breathable,1
4101,30%,1
4102,Oligo,1
4103,35%,1
4104,Brazilian,1
4105,Cheirosa,1
4106,’62,1
4107,’40,1
4108,Bom,1
4109,Dia,1
4110,Glowmotions,1
4111,’68,1
4112,Beija,1
4113,Elasti,1
4114,’71,1
4115,Firmeza,1
4116,Debloating,1
4117,’39,1
4118,Cabana,1
4119,Joia,1
4120,Rio,1
4121,Deo,1
4122,'62,1
4123,Samba,1
4124,Maracujá,1
4125,Seeds,1
4126,SOL,1
4127,'40,1
4128,62,1
4129,60,1
4130,Conscious,1
4131,Purity,1
4132,Waters,1
4133,Huge,1
4134,TL,1
4135,Tightening,1
4137,SD,1
4138,Marks,1
4139,BlurFector,1
4140,Peptight,1
4141,360˚,1
4142,Crepe,1
4143,Gamechangers,1
4144,Starters,1
4145,Breakouts,1
4146,25th,1
4147,Anniversary,1
4148,Vitalizing,1
4149,Ampoule,1
4150,Overtime,1
4151,Oasis,1
4152,Babymoon,1
4153,Belly,1
4154,Sixteen,1
4157,REVIVE,1
4160,FLOURISH,1
4162,Gym,1
4163,Bags,1
4164,Genes,1
4165,U,1
4166,Stars,1
4167,Couple,1
4169,B3,1
4170,Nice,1
4171,Juno,1
4172,A+,1
4173,Multivitamins,1
4174,Saturn,1
4175,Superstars,1
4176,Breakout,1
4177,Unseen,1
4178,Glowscreen,1
4180,Shimmershade,1
4181,Superscreen,1
4182,Sheerscreen,1
4183,Eyed,1
4185,Bioretinol,1
4186,Handscreen,1
4187,Zincscreen,1
4188,Mattescreen,1
4189,Moondust,1
4191,SinglePass,1
4192,25”,1
4193,AireBrush,1
4194,BodyWaver,1
4195,75”,1
4196,Source,1
4197,Held,1
4199,Interactive,1
4200,Interface,1
4201,AireLuxe,1
4202,½”,1
4203,Lucea,1
4204,Vent,1
4205,Afar,1
4206,¾”,1
4207,1”,1
4208,Personalization,1
4209,5”,1
4210,0”,1
4218,Glyco,1
4219,Amazonian,1
4220,Tartelette,1
4221,Maracuja,1
4223,Toasted,1
4224,Creaseless,1
4228,Lights,1
4229,Camera,1
4231,H2O,1
4233,Tarteist,1
4234,Picture,1
4235,Timeless,1
4236,FRXXXTION,1
4237,Brighter,1
4238,Fake,1
4239,Awake,1
4241,foundcealer,1
4244,Hydroflex,1
4245,Gifted,1
4246,Lippie,1
4247,Lingerie,1
4248,Airbrusher,1
4249,Colored,1
4254,Splashes,1
4255,Act,1
4256,Breezy,1
4257,Surfer,1
4258,Pearly,1
4262,Mermaid,1
4265,Hydrocealer,1
4266,Claymate,1
4269,Dare,1
4270,Ego,1
4271,Baba,1
4272,Frameworker,1
4273,Sketch,1
4277,Glowtion,1
4278,knockout,1
4280,Spoolie,1
4281,DIY,1
4284,Brazilliance,1
4285,2HR,1
4286,Tanner,1
4287,spark,1
4293,Tata's,1
4294,Retinoic,1
4295,Superkind,1
4296,Riche,1
4297,Boosted,1
4298,Team,1
4299,Featherweight,1
4300,Kissu,1
4301,Spun,1
4302,Aburatorigami,1
4303,Japanese,1
4304,Ageless,1
4305,Peace,1
4306,Elemi,1
4307,Polyglutamic,1
4308,EGF,1
4309,Q10,1
4310,Polyhydroxy,1
4311,Fulvic,1
4312,Kaolin,1
4313,PCA,1
4314,Arbutin,1
4315,SuperSolutions,1
4316,Symbright,1
4317,Urea,1
4318,Libertine,1
4319,Paradiso,1
4320,Stag,1
4321,Spiritus,1
4322,Gardener,1
4323,Lungs,1
4324,Debloat+,1
4325,Bloat,1
4326,Supa,1
4327,Culture,1
4328,Postbiotic,1
4329,7%,1
4330,EGCG,1
4331,Factors,1
4332,HA,1
4333,Adherence,1
4334,Hip,1
4335,Suspension,1
4336,23%,1
4337,Spheres,1
4338,Spreadability,1
4339,Granactive,1
4340,Ascorbic,1
4341,Sulphate,1
4342,Anhydrous,1
4343,Hemi,1
4344,Behentrimonium,1
4345,Chloride,1
4346,"""Buffet""",1
4347,Argireline,1
4348,"""B""",1
4349,Hyaluronics,1
4350,Matrixyl,1
4351,Pycnogenol,1
4352,Ascorbyl,1
4353,Tetraisopalmitate,1
4354,Glucoside,1
4355,EUK,1
4356,134,1
4357,Ethylated,1
4358,Skinimalist,1
4360,Cloth,1
4362,Optimism,1
4363,Smiley,1
4364,Expression,1
4365,Phluid,1
4366,Transcend,1
4367,Intention,1
4368,Humanity,1
4369,Florence,1
4370,Cleopatra,1
4371,Giulietta,1
4372,Stella,1
4373,Gia,1
4374,Bianca,1
4375,Replica,1
4376,Maya,1
4377,Emelia,1
4378,Tobacco,1
4379,Blanc,1
4380,Traceless,1
4381,Frost,1
4382,Fucking,1
4383,Ombré,1
4384,Leather,1
4385,Prick,1
4386,Portofino,1
4387,Neige,1
4388,Jasmin,1
4389,Tuscan,1
4390,Mandarino,1
4391,Ébène,1
4392,Fumé,1
4393,Fatale,1
4394,MÉTALLIQUE,1
4395,Emotionproof,1
4396,Brulant,1
4397,Costa,1
4398,Azzurra,1
4399,Tubéreuse,1
4400,Nue,1
4401,D'Amalfi,1
4402,Chine,1
4403,Fougère,1
4404,d'Argent,1
4405,Marocain,1
4406,Ebene,1
4407,Fume,1
4408,Beau,1
4409,Jour,1
4410,Laminator,1
4411,Born,1
4412,Chocolate,1
4413,Injection,1
4414,Hangover,1
4415,Insurance,1
4416,Diffused,1
4417,Bunny,1
4418,Damn,1
4419,Mobile,1
4420,Peaches,1
4421,Stripped,1
4422,Laminating,1
4423,Santa,1
4424,Kitty,1
4425,Likes,1
4426,Scratch,1
4427,Let’s,1
4428,PSL,1
4429,Blushing,1
4430,Wig,1
4431,Detailer,1
4432,Pinker,1
4433,Times,1
4434,Ahead,1
4436,Faded,1
4437,Slather,1
4438,ShineOn,1
4439,Sticky,1
4440,BeachPlease,1
4441,SunnyDays,1
4442,MakeWaves,1
4443,Bronzino,1
4444,JuiceBalm,1
4445,SuperDew,1
4446,Dreamy,1
4447,Gleamy,1
4448,OneLiner,1
4449,Sculptino,1
4451,Ferm,1
4452,AHA's,1
4455,Rewind,1
4456,Claydate,1
4457,Slant,1
4458,ProMaster,1
4459,ProCurl,1
4460,Stainless,1
4461,Steel,1
4462,Tweeze,1
4463,Sole,1
4464,Antibacterial,1
4465,Plane,1
4466,Razors,1
4467,Pointed,1
4468,Nipper,1
4469,Pusher,1
4470,Clipper,1
4471,Nighter,1
4472,Vice,1
4473,Naked3,1
4474,Naked2,1
4475,Perversion,1
4476,Reloaded,1
4478,Hydromaniac,1
4479,Subversion,1
4480,Ozone,1
4481,UD,1
4482,Robin,1
4483,Eisenberg,1
4484,Hydracharged,1
4485,Grindhouse,1
4486,Loud,1
4487,Threesome,1
4488,Inked,1
4489,Beater,1
4490,Holidaze,1
4492,Donna,1
4493,Roma,1
4494,Voce,1
4495,Rosso,1
4496,Valentino,1
4497,Coral,1
4498,Eye2Cheek,1
4499,Uomo,1
4500,Intensa,1
4501,Dreamdust,1
4502,Lighter,1
4503,Smudgeproof,1
4504,Clutch,1
4505,GRO,1
4507,WELL,1
4508,HYDR,1
4509,Trim,1
4510,Measure,1
4511,Fluff'n,1
4512,Glamoureyes,1
4513,Fibre,1
4515,WeightlessHairOil,1
4516,HydratingHair,1
4517,TreatmentMask,1
4518,PrepHeat,1
4519,DryConditionerOil,1
4520,RepairingHairMask,1
4521,SealingHairMist,1
4522,Forming,1
4523,Eros,1
4524,Ovetto,1
4525,Turquoise,1
4526,Versace,1
4527,Flame,1
4528,Flowerbomb,1
4529,BONBON,1
4530,Spicebomb,1
4532,Fortune,1
4533,Hashtag,1
4534,Sakura,1
4535,Much,1
4536,Butterfly,1
4537,Keratin,1
4538,MANTA,1
4539,Minoxidil,1
4540,Rejuvenation,1
4541,Monixidil,1
4543,Topical,1
4544,Coarse,1
4545,Ending,1
4546,Create,1
4547,ColorKick,1
4548,Debrassing,1
4549,Heal,1
4550,Petit,1
4551,Cade,1
4552,Goji,1
4553,Panjore,1
4554,Tarocco,1
4555,Jar,1
4556,Tahitian,1
4557,Spiced,1
4558,Latte,1
4559,Japonica,1
4560,Fireside,1
4561,Forbidden,1
4562,Baltic,1
4563,Santiago,1
4564,Yashioka,1
4565,Decorative,1
4566,Mokara,1
4567,Havana,1
4568,Mojito,1
4569,Clover,1
4570,Cuvee,1
4571,Cande,1
4572,Nissho,1
4573,Claim,1
4574,Wanderlust,1
4575,Unlashed,1
4576,Mile,1
4577,Dualist,1
4578,Upgraded,1
4579,SHIKULIME,1
4580,SATOCANE,1
4582,KOSHIRICE,1
4583,Awakening,1
4584,Trace,1
4585,Squeaky,1
4586,Loaded,1
4587,Pods,1
4588,Pod,1
4589,Bonne,1
4590,Yo,1
4591,Trap,1
4592,Pillowgasm,1
4593,Chris,1
4594,Collins,1
4595,Harlem,1
4596,Nights,1
4597,Danse,1
4598,Grandis,1
4599,Anima,1
4600,Superberry,1
4601,Yerba,1
4602,Unity,1
4603,121,1
4604,Superclay,1
4605,13,1
4606,Apparel,1
4607,Stacks,1
4608,Dehydrated,1
4609,Oiliness,1
4610,Tomorrow,1
4611,Dullness,1
4612,Volupté,1
4613,Opium,1
4614,Touche,1
4615,Pur,1
4616,Hours,1
4617,Paris,1
4618,NU,1
4619,BARE,1
4622,Tatouage,1
4624,Clash,1
4625,L'Homme,1
4626,Effet,1
4627,YSL,1
4628,Zoë,1
4629,Kravitz,1
4630,L’Homme,1
4631,Illicit,1
4636,Intensement,1
4641,Lumiere,1
4642,Exclusive,1
4644,Bath & Body,2
4645,Mini Size,2
4649,Tools & Brushes,2
4651,Gifts,2
4652,Value & Gift Sets,2
4654,Body Moisturizers,2
4655,Candles & Home Scents,2
4656,Body Care,2
4657,Hair Styling & Treatments,2
4658,Shampoo & Conditioner,2
4660,Moisturizers,2
4661,Treatments,2
4662,Eye Care,2
4663,Lip Balms & Treatments,2
4665,Cleansers,2
4671,Brushes & Applicators,2
4672,Makeup Palettes,2
4673,Beauty Tools,2
4675,Bath & Shower,2
4677,High Tech Tools,2
4678,Shop by Concern,2
4679,Self Tanners,2
4681,Hair Tools,2
4683,Beauty Accessories,2
4684,Beauty Supplements,2
4685,Other Needs,2
4686,Perfume Gift Sets,2
4688,Rollerballs & Travel Size,2
4689,Body Lotions & Body Oils,2
4691,Diffusers,2
4692,Deodorant & Antiperspirant,2
4693,Candles,2
4694,Hair Masks,2
4695,Leave-In Conditioner,2
4697,Hair Oil,2
4698,Hair Styling Products,2
4699,Scalp Treatments,2
4701,Lip Balm & Treatment,2
4702,Face Serums,2
4703,Eye Creams & Treatments,2
4704,Face Sunscreen,2
4705,Face Wash & Cleansers,2
4706,Face Oils,2
4707,Toners,2
4708,Face Masks,2
4709,Facial Peels,2
4710,Hand Cream & Foot Cream,2
4711,Decollete & Neck Creams,2
4712,Exfoliators,2
4713,Hair Spray,2
4714,Hair Primers,2
4715,Tinted Moisturizer,2
4717,Setting Spray & Powder,2
4722,Face Sets,2
4723,Dry Shampoo,2
4724,Curling Irons,2
4725,Brushes & Combs,2
4726,Hair Straighteners & Flat Irons,2
4727,Hair Dryers,2
4730,Eye Palettes,2
4732,Lip Gloss,2
4733,Eye Brushes,2
4735,False Eyelashes,2
4736,Cheek Palettes,2
4737,Lip Liner,2
4739,Face Brushes,2
4740,Tweezers & Eyebrow Tools,2
4741,Eye Sets,2
4742,Eye Primer,2
4744,Sharpeners,2
4745,Liquid Lipstick,2
4746,Face Primer,2
4747,Lip Sets,2
4748,Body Wash & Shower Gel,2
4749,BB & CC Cream,2
4750,Eye Masks,2
4751,Facial Rollers,2
4752,Anti-Aging,2
4753,Face Wipes,2
4754,Blemish & Acne Treatments,2
4755,Sponges & Applicators,2
4756,Brush Cleaners,2
4757,Makeup Removers,2
4758,Brush Sets,2
4759,Night Creams,2
4760,Mists & Essences,2
4761,Scrub & Exfoliants,2
4762,Color Correct,2
4763,Damaged Hair,2
4764,Hair Thinning & Hair Loss,2
4765,Color Care,2
4766,Cologne Gift Sets,2
4767,Lip Plumper,2
4768,Body Mist & Hair Mist,2
4769,Cellulite & Stretch Marks,2
4770,Body Sunscreen,2
4771,Sheet Masks,2
4772,For Body,2
4773,For Face,2
4774,Face Wash,2
4775,Moisturizer & Treatments,2
4776,Eye Cream,2
4777,Skincare Sets,2
4778,Aftershave,2
4779,Facial Cleansing Brushes,2
4780,Hair Dye & Root Touch-Ups,2
4781,Hair Supplements,2
4782,Intimate Care,2
4783,Hair Removal,2
4784,Lip Stain,2
4785,Eyelash Curlers,2
4786,Makeup Bags & Travel Cases,2
4787,Blotting Papers,2
4788,BB & CC Creams,2
4789,Under-Eye Concealer,2
4790,Makeup & Travel Cases,2
4791,Holistic Wellness,2
4792,Teeth Whitening,2
4793,Bath Soaks & Bubble Bath,2
4794,Body Products,2
4795,Hand Sanitizer & Hand Soap,2
4796,Lip Brushes,2
4797,Manicure & Pedicure Tools,2
